"countryName","countryNameEs","countryCode","stateName","stateNameEs","stateCode","municipalityName","municipalityNameEs","municipalityCode","parishName","parishNameEs","parishCode"
"#country+name","#country+name+es","#country+code","#adm1+name","#adm1+name+es","#adm1+code","#adm2+name","#adm2+name+es","#adm2+code","#adm3+name","#adm3+name+es","#adm3+code"
"Venezuela","Venezuela","VE","Táchira","Táchira","VE01","Andrés Bello","Andrés Bello","VE0101","Capital Andrés Bello","Capital Andrés Bello","VE010101"
"Venezuela","Venezuela","VE","Táchira","Táchira","VE01","Antonio Rómulo Costa","Antonio Rómulo Costa","VE0102","Antonio Rómulo Acosta","Antonio Rómulo Acosta","VE010201"
"Venezuela","Venezuela","VE","Táchira","Táchira","VE01","Ayacucho","Ayacucho","VE0103","Ayacucho","Ayacucho","VE010301"
"Venezuela","Venezuela","VE","Táchira","Táchira","VE01","Ayacucho","Ayacucho","VE0103","Rivas Berti","Rivas Berti","VE010302"
"Venezuela","Venezuela","VE","Táchira","Táchira","VE01","Ayacucho","Ayacucho","VE0103","San Pedro del Rio","San Pedro del Rio","VE010303"
"Venezuela","Venezuela","VE","Táchira","Táchira","VE01","Bolívar","Bolívar","VE0104","Bolívar","Bolívar","VE010401"
"Venezuela","Venezuela","VE","Táchira","Táchira","VE01","Bolívar","Bolívar","VE0104","Palotal","Palotal","VE010402"
"Venezuela","Venezuela","VE","Táchira","Táchira","VE01","Bolívar","Bolívar","VE0104","Juan Vicente Gómez","Juan Vicente Gómez","VE010403"
"Venezuela","Venezuela","VE","Táchira","Táchira","VE01","Bolívar","Bolívar","VE0104","Isaías Medina Angarita","Isaías Medina Angarita","VE010404"
"Venezuela","Venezuela","VE","Táchira","Táchira","VE01","Cárdenas","Cárdenas","VE0105","Cárdenas","Cárdenas","VE010501"
"Venezuela","Venezuela","VE","Táchira","Táchira","VE01","Cárdenas","Cárdenas","VE0105","Amenodoro Rangel Lamus","Amenodoro Rangel Lamus","VE010502"
"Venezuela","Venezuela","VE","Táchira","Táchira","VE01","Cárdenas","Cárdenas","VE0105","La Florida","La Florida","VE010503"
"Venezuela","Venezuela","VE","Táchira","Táchira","VE01","Córdoba","Córdoba","VE0106","Capital Córdoba","Capital Córdoba","VE010601"
"Venezuela","Venezuela","VE","Táchira","Táchira","VE01","Fernández Feo","Fernández Feo","VE0107","Fernández Feo","Fernández Feo","VE010701"
"Venezuela","Venezuela","VE","Táchira","Táchira","VE01","Fernández Feo","Fernández Feo","VE0107","Alberto Adriani","Alberto Adriani","VE010702"
"Venezuela","Venezuela","VE","Táchira","Táchira","VE01","Fernández Feo","Fernández Feo","VE0107","Santo Domingo","Santo Domingo","VE010703"
"Venezuela","Venezuela","VE","Táchira","Táchira","VE01","Francisco de Miranda","Francisco de Miranda","VE0108","San José de Bolívar","San José de Bolívar","VE010801"
"Venezuela","Venezuela","VE","Táchira","Táchira","VE01","García de Hevia","García de Hevia","VE0109","García de Hevia","García de Hevia","VE010901"
"Venezuela","Venezuela","VE","Táchira","Táchira","VE01","García de Hevia","García de Hevia","VE0109","Boca de Grita","Boca de Grita","VE010902"
"Venezuela","Venezuela","VE","Táchira","Táchira","VE01","García de Hevia","García de Hevia","VE0109","José Antonio Páez","José Antonio Páez","VE010903"
"Venezuela","Venezuela","VE","Táchira","Táchira","VE01","Guásimos","Guásimos","VE0110","Capital Guasimos","Capital Guasimos","VE011001"
"Venezuela","Venezuela","VE","Táchira","Táchira","VE01","Independencia","Independencia","VE0111","Independencia","Independencia","VE011101"
"Venezuela","Venezuela","VE","Táchira","Táchira","VE01","Independencia","Independencia","VE0111","Juan Germán Roscio","Juan Germán Roscio","VE011102"
"Venezuela","Venezuela","VE","Táchira","Táchira","VE01","Independencia","Independencia","VE0111","Román Cárdenas","Román Cárdenas","VE011103"
"Venezuela","Venezuela","VE","Táchira","Táchira","VE01","Jáuregui","Jáuregui","VE0112","Jáuregui","Jáuregui","VE011201"
"Venezuela","Venezuela","VE","Táchira","Táchira","VE01","Jáuregui","Jáuregui","VE0112","Emilio Constantino Guerrero","Emilio Constantino Guerrero","VE011202"
"Venezuela","Venezuela","VE","Táchira","Táchira","VE01","Jáuregui","Jáuregui","VE0112","Monseñor Miguel Antonio Salas","Monseñor Miguel Antonio Salas","VE011203"
"Venezuela","Venezuela","VE","Táchira","Táchira","VE01","José María Vargas","José María Vargas","VE0113","Vargas","Vargas","VE011301"
"Venezuela","Venezuela","VE","Táchira","Táchira","VE01","Junín","Junín","VE0114","Junín","Junín","VE011401"
"Venezuela","Venezuela","VE","Táchira","Táchira","VE01","Junín","Junín","VE0114","La Petrolea","La Petrolea","VE011402"
"Venezuela","Venezuela","VE","Táchira","Táchira","VE01","Junín","Junín","VE0114","Quinimari","Quinimari","VE011403"
"Venezuela","Venezuela","VE","Táchira","Táchira","VE01","Junín","Junín","VE0114","Bramon","Bramon","VE011404"
"Venezuela","Venezuela","VE","Táchira","Táchira","VE01","Libertad","Libertad","VE0115","Libertad","Libertad","VE011501"
"Venezuela","Venezuela","VE","Táchira","Táchira","VE01","Libertad","Libertad","VE0115","Cipriano Castro","Cipriano Castro","VE011502"
"Venezuela","Venezuela","VE","Táchira","Táchira","VE01","Libertad","Libertad","VE0115","Manuel Felipe Rugeles","Manuel Felipe Rugeles","VE011503"
"Venezuela","Venezuela","VE","Táchira","Táchira","VE01","Libertador","Libertador","VE0116","Libertador","Libertador","VE011601"
"Venezuela","Venezuela","VE","Táchira","Táchira","VE01","Libertador","Libertador","VE0116","Emeterio Ochoa","Emeterio Ochoa","VE011602"
"Venezuela","Venezuela","VE","Táchira","Táchira","VE01","Libertador","Libertador","VE0116","Doradas","Doradas","VE011603"
"Venezuela","Venezuela","VE","Táchira","Táchira","VE01","Libertador","Libertador","VE0116","San Joaquín de Navay","San Joaquín de Navay","VE011604"
"Venezuela","Venezuela","VE","Táchira","Táchira","VE01","Lobatera","Lobatera","VE0117","Lobatera","Lobatera","VE011701"
"Venezuela","Venezuela","VE","Táchira","Táchira","VE01","Lobatera","Lobatera","VE0117","Constitución","Constitución","VE011702"
"Venezuela","Venezuela","VE","Táchira","Táchira","VE01","Michelena","Michelena","VE0118","Capital Michelena","Capital Michelena","VE011801"
"Venezuela","Venezuela","VE","Táchira","Táchira","VE01","Panamericano","Panamericano","VE0119","Panamericano","Panamericano","VE011901"
"Venezuela","Venezuela","VE","Táchira","Táchira","VE01","Panamericano","Panamericano","VE0119","La Palmita","La Palmita","VE011902"
"Venezuela","Venezuela","VE","Táchira","Táchira","VE01","Pedro María Ureña","Pedro María Ureña","VE0120","Pedro María Ureña","Pedro María Ureña","VE012001"
"Venezuela","Venezuela","VE","Táchira","Táchira","VE01","Pedro María Ureña","Pedro María Ureña","VE0120","Nueva Arcadia","Nueva Arcadia","VE012002"
"Venezuela","Venezuela","VE","Táchira","Táchira","VE01","Rafael Urdaneta","Rafael Urdaneta","VE0121","Delicias","Delicias","VE012101"
"Venezuela","Venezuela","VE","Táchira","Táchira","VE01","Samuel Darío Maldonado","Samuel Darío Maldonado","VE0122","Samuel Darío Maldonado","Samuel Darío Maldonado","VE012201"
"Venezuela","Venezuela","VE","Táchira","Táchira","VE01","Samuel Darío Maldonado","Samuel Darío Maldonado","VE0122","Boconó","Boconó","VE012202"
"Venezuela","Venezuela","VE","Táchira","Táchira","VE01","Samuel Darío Maldonado","Samuel Darío Maldonado","VE0122","Hernández","Hernández","VE012203"
"Venezuela","Venezuela","VE","Táchira","Táchira","VE01","San Cristóbal","San Cristóbal","VE0123","La Concordia","La Concordia","VE012301"
"Venezuela","Venezuela","VE","Táchira","Táchira","VE01","San Cristóbal","San Cristóbal","VE0123","Pedro María Morantes","Pedro María Morantes","VE012302"
"Venezuela","Venezuela","VE","Táchira","Táchira","VE01","San Cristóbal","San Cristóbal","VE0123","San Juan Bautista","San Juan Bautista","VE012303"
"Venezuela","Venezuela","VE","Táchira","Táchira","VE01","San Cristóbal","San Cristóbal","VE0123","San Sebastián","San Sebastián","VE012304"
"Venezuela","Venezuela","VE","Táchira","Táchira","VE01","San Cristóbal","San Cristóbal","VE0123","Dr. Francisco Romero Lobo","Dr. Francisco Romero Lobo","VE012305"
"Venezuela","Venezuela","VE","Táchira","Táchira","VE01","Seboruco","Seboruco","VE0124","Capital Seboruco","Capital Seboruco","VE012401"
"Venezuela","Venezuela","VE","Táchira","Táchira","VE01","Simón Rodríguez","Simón Rodríguez","VE0125","Simón Rodríguez","Simón Rodríguez","VE012501"
"Venezuela","Venezuela","VE","Táchira","Táchira","VE01","Sucre","Sucre","VE0126","Sucre","Sucre","VE012601"
"Venezuela","Venezuela","VE","Táchira","Táchira","VE01","Sucre","Sucre","VE0126","Eleazar López Contreras","Eleazar López Contreras","VE012602"
"Venezuela","Venezuela","VE","Táchira","Táchira","VE01","Sucre","Sucre","VE0126","San Pablo","San Pablo","VE012603"
"Venezuela","Venezuela","VE","Táchira","Táchira","VE01","Torbes","Torbes","VE0127","Torbes","Torbes","VE012701"
"Venezuela","Venezuela","VE","Táchira","Táchira","VE01","Uribante","Uribante","VE0128","Uribante","Uribante","VE012801"
"Venezuela","Venezuela","VE","Táchira","Táchira","VE01","Uribante","Uribante","VE0128","Cárdenas","Cárdenas","VE012802"
"Venezuela","Venezuela","VE","Táchira","Táchira","VE01","Uribante","Uribante","VE0128","Juan Pablo Peñaloza","Juan Pablo Peñaloza","VE012803"
"Venezuela","Venezuela","VE","Táchira","Táchira","VE01","Uribante","Uribante","VE0128","Potosí","Potosí","VE012804"
"Venezuela","Venezuela","VE","Táchira","Táchira","VE01","San Judas Tadeo","San Judas Tadeo","VE0129","San Judas Tadeo","San Judas Tadeo","VE012901"
"Venezuela","Venezuela","VE","Zulia","Zulia","VE02","Almirante Padilla","Almirante Padilla","VE0201","Isla de Toas","Isla de Toas","VE020101"
"Venezuela","Venezuela","VE","Zulia","Zulia","VE02","Almirante Padilla","Almirante Padilla","VE0201","Monagas","Monagas","VE020102"
"Venezuela","Venezuela","VE","Zulia","Zulia","VE02","Baralt","Baralt","VE0202","San Timoteo","San Timoteo","VE020201"
"Venezuela","Venezuela","VE","Zulia","Zulia","VE02","Baralt","Baralt","VE0202","General Urdaneta","General Urdaneta","VE020202"
"Venezuela","Venezuela","VE","Zulia","Zulia","VE02","Baralt","Baralt","VE0202","Libertador","Libertador","VE020203"
"Venezuela","Venezuela","VE","Zulia","Zulia","VE02","Baralt","Baralt","VE0202","Manuel Guanipa Matos","Manuel Guanipa Matos","VE020204"
"Venezuela","Venezuela","VE","Zulia","Zulia","VE02","Baralt","Baralt","VE0202","Marcelino Briceño","Marcelino Briceño","VE020205"
"Venezuela","Venezuela","VE","Zulia","Zulia","VE02","Baralt","Baralt","VE0202","Pueblo Nuevo","Pueblo Nuevo","VE020206"
"Venezuela","Venezuela","VE","Zulia","Zulia","VE02","Cabimas","Cabimas","VE0203","Ambrosio","Ambrosio","VE020301"
"Venezuela","Venezuela","VE","Zulia","Zulia","VE02","Cabimas","Cabimas","VE0203","Carmen Herrera","Carmen Herrera","VE020302"
"Venezuela","Venezuela","VE","Zulia","Zulia","VE02","Cabimas","Cabimas","VE0203","Germán Ríos Linares","Germán Ríos Linares","VE020303"
"Venezuela","Venezuela","VE","Zulia","Zulia","VE02","Cabimas","Cabimas","VE0203","La Rosa","La Rosa","VE020304"
"Venezuela","Venezuela","VE","Zulia","Zulia","VE02","Cabimas","Cabimas","VE0203","Jorge Hernández","Jorge Hernández","VE020305"
"Venezuela","Venezuela","VE","Zulia","Zulia","VE02","Cabimas","Cabimas","VE0203","Rómulo Betancourt","Rómulo Betancourt","VE020306"
"Venezuela","Venezuela","VE","Zulia","Zulia","VE02","Cabimas","Cabimas","VE0203","San Benito","San Benito","VE020307"
"Venezuela","Venezuela","VE","Zulia","Zulia","VE02","Cabimas","Cabimas","VE0203","Arístides Calvani","Arístides Calvani","VE020308"
"Venezuela","Venezuela","VE","Zulia","Zulia","VE02","Cabimas","Cabimas","VE0203","Punta Gorda","Punta Gorda","VE020309"
"Venezuela","Venezuela","VE","Zulia","Zulia","VE02","Catatumbo","Catatumbo","VE0204","Encontrados","Encontrados","VE020401"
"Venezuela","Venezuela","VE","Zulia","Zulia","VE02","Catatumbo","Catatumbo","VE0204","Udon Perez","Udon Perez","VE020402"
"Venezuela","Venezuela","VE","Zulia","Zulia","VE02","Colón","Colón","VE0205","San Carlos del Zulia","San Carlos del Zulia","VE020501"
"Venezuela","Venezuela","VE","Zulia","Zulia","VE02","Colón","Colón","VE0205","Moralito","Moralito","VE020502"
"Venezuela","Venezuela","VE","Zulia","Zulia","VE02","Colón","Colón","VE0205","Santa Barbará","Santa Barbará","VE020503"
"Venezuela","Venezuela","VE","Zulia","Zulia","VE02","Colón","Colón","VE0205","Santa Cruz del Zulia","Santa Cruz del Zulia","VE020504"
"Venezuela","Venezuela","VE","Zulia","Zulia","VE02","Colón","Colón","VE0205","Urribarri","Urribarri","VE020505"
"Venezuela","Venezuela","VE","Zulia","Zulia","VE02","Francisco Javier Pulgar","Francisco Javier Pulgar","VE0206","Simón Rodríguez","Simón Rodríguez","VE020601"
"Venezuela","Venezuela","VE","Zulia","Zulia","VE02","Francisco Javier Pulgar","Francisco Javier Pulgar","VE0206","Carlos Quevedo","Carlos Quevedo","VE020602"
"Venezuela","Venezuela","VE","Zulia","Zulia","VE02","Francisco Javier Pulgar","Francisco Javier Pulgar","VE0206","Francisco Javier Pulgar","Francisco Javier Pulgar","VE020603"
"Venezuela","Venezuela","VE","Zulia","Zulia","VE02","Páez","Páez","VE0207","Sinamaica","Sinamaica","VE020701"
"Venezuela","Venezuela","VE","Zulia","Zulia","VE02","Páez","Páez","VE0207","Alta Guajira","Alta Guajira","VE020702"
"Venezuela","Venezuela","VE","Zulia","Zulia","VE02","Páez","Páez","VE0207","Elías Sánchez Rubio","Elías Sánchez Rubio","VE020703"
"Venezuela","Venezuela","VE","Zulia","Zulia","VE02","Páez","Páez","VE0207","Guajira","Guajira","VE020704"
"Venezuela","Venezuela","VE","Zulia","Zulia","VE02","Jesús Enrique Lossada","Jesús Enrique Lossada","VE0208","La Concepción","La Concepción","VE020801"
"Venezuela","Venezuela","VE","Zulia","Zulia","VE02","Jesús Enrique Lossada","Jesús Enrique Lossada","VE0208","José Ramón Yepez","José Ramón Yepez","VE020802"
"Venezuela","Venezuela","VE","Zulia","Zulia","VE02","Jesús Enrique Lossada","Jesús Enrique Lossada","VE0208","Mariano Parra León","Mariano Parra León","VE020803"
"Venezuela","Venezuela","VE","Zulia","Zulia","VE02","Jesús Enrique Lossada","Jesús Enrique Lossada","VE0208","San José","San José","VE020804"
"Venezuela","Venezuela","VE","Zulia","Zulia","VE02","Jesús María Semprún","Jesús María Semprún","VE0209","Jesús María Semprum","Jesús María Semprum","VE020901"
"Venezuela","Venezuela","VE","Zulia","Zulia","VE02","Jesús María Semprún","Jesús María Semprún","VE0209","Bari","Bari","VE020902"
"Venezuela","Venezuela","VE","Zulia","Zulia","VE02","La Cañada de Urdaneta","La Cañada de Urdaneta","VE0210","Concepción","Concepción","VE021001"
"Venezuela","Venezuela","VE","Zulia","Zulia","VE02","La Cañada de Urdaneta","La Cañada de Urdaneta","VE0210","Andrés Bello","Andrés Bello","VE021002"
"Venezuela","Venezuela","VE","Zulia","Zulia","VE02","La Cañada de Urdaneta","La Cañada de Urdaneta","VE0210","Chiquinquira","Chiquinquira","VE021003"
"Venezuela","Venezuela","VE","Zulia","Zulia","VE02","La Cañada de Urdaneta","La Cañada de Urdaneta","VE0210","El Carmelo","El Carmelo","VE021004"
"Venezuela","Venezuela","VE","Zulia","Zulia","VE02","La Cañada de Urdaneta","La Cañada de Urdaneta","VE0210","Potreritos","Potreritos","VE021005"
"Venezuela","Venezuela","VE","Zulia","Zulia","VE02","Lagunillas","Lagunillas","VE0211","Alonso de Ojeda","Alonso de Ojeda","VE021101"
"Venezuela","Venezuela","VE","Zulia","Zulia","VE02","Lagunillas","Lagunillas","VE0211","Libertad","Libertad","VE021102"
"Venezuela","Venezuela","VE","Zulia","Zulia","VE02","Lagunillas","Lagunillas","VE0211","Campo Lara","Campo Lara","VE021103"
"Venezuela","Venezuela","VE","Zulia","Zulia","VE02","Lagunillas","Lagunillas","VE0211","Eleazar López Contreras","Eleazar López Contreras","VE021104"
"Venezuela","Venezuela","VE","Zulia","Zulia","VE02","Lagunillas","Lagunillas","VE0211","Venezuela","Venezuela","VE021105"
"Venezuela","Venezuela","VE","Zulia","Zulia","VE02","Lagunillas","Lagunillas","VE0211","El Danto","El Danto","VE021106"
"Venezuela","Venezuela","VE","Zulia","Zulia","VE02","Machiques de Perijá","Machiques de Perijá","VE0212","Libertad","Libertad","VE021201"
"Venezuela","Venezuela","VE","Zulia","Zulia","VE02","Machiques de Perijá","Machiques de Perijá","VE0212","Bartolomé de las Casas","Bartolomé de las Casas","VE021202"
"Venezuela","Venezuela","VE","Zulia","Zulia","VE02","Machiques de Perijá","Machiques de Perijá","VE0212","Rio Negro","Rio Negro","VE021203"
"Venezuela","Venezuela","VE","Zulia","Zulia","VE02","Machiques de Perijá","Machiques de Perijá","VE0212","San José de Perija","San José de Perija","VE021204"
"Venezuela","Venezuela","VE","Zulia","Zulia","VE02","Mara","Mara","VE0213","San Rafael","San Rafael","VE021301"
"Venezuela","Venezuela","VE","Zulia","Zulia","VE02","Mara","Mara","VE0213","La Sierrita","La Sierrita","VE021302"
"Venezuela","Venezuela","VE","Zulia","Zulia","VE02","Mara","Mara","VE0213","Las Parcelas","Las Parcelas","VE021303"
"Venezuela","Venezuela","VE","Zulia","Zulia","VE02","Mara","Mara","VE0213","Luis de Vicente","Luis de Vicente","VE021304"
"Venezuela","Venezuela","VE","Zulia","Zulia","VE02","Mara","Mara","VE0213","Monseñor Marcos Sergio Godoy","Monseñor Marcos Sergio Godoy","VE021305"
"Venezuela","Venezuela","VE","Zulia","Zulia","VE02","Mara","Mara","VE0213","Ricaurte","Ricaurte","VE021306"
"Venezuela","Venezuela","VE","Zulia","Zulia","VE02","Mara","Mara","VE0213","Tamare","Tamare","VE021307"
"Venezuela","Venezuela","VE","Zulia","Zulia","VE02","Maracaibo","Maracaibo","VE0214","Antonio Borjas Romero","Antonio Borjas Romero","VE021401"
"Venezuela","Venezuela","VE","Zulia","Zulia","VE02","Maracaibo","Maracaibo","VE0214","Bolívar","Bolívar","VE021402"
"Venezuela","Venezuela","VE","Zulia","Zulia","VE02","Maracaibo","Maracaibo","VE0214","Cacique Mara","Cacique Mara","VE021403"
"Venezuela","Venezuela","VE","Zulia","Zulia","VE02","Maracaibo","Maracaibo","VE0214","Caracciolo Parra Perez","Caracciolo Parra Perez","VE021404"
"Venezuela","Venezuela","VE","Zulia","Zulia","VE02","Maracaibo","Maracaibo","VE0214","Cecilio Acosta","Cecilio Acosta","VE021405"
"Venezuela","Venezuela","VE","Zulia","Zulia","VE02","Maracaibo","Maracaibo","VE0214","Cristo de Aranza","Cristo de Aranza","VE021406"
"Venezuela","Venezuela","VE","Zulia","Zulia","VE02","Maracaibo","Maracaibo","VE0214","Coquivacoa","Coquivacoa","VE021407"
"Venezuela","Venezuela","VE","Zulia","Zulia","VE02","Maracaibo","Maracaibo","VE0214","Chiquinquira","Chiquinquira","VE021408"
"Venezuela","Venezuela","VE","Zulia","Zulia","VE02","Maracaibo","Maracaibo","VE0214","Francisco Eugenio Bustamante","Francisco Eugenio Bustamante","VE021409"
"Venezuela","Venezuela","VE","Zulia","Zulia","VE02","Maracaibo","Maracaibo","VE0214","Idelfonso Vásquez","Idelfonso Vásquez","VE021410"
"Venezuela","Venezuela","VE","Zulia","Zulia","VE02","Maracaibo","Maracaibo","VE0214","Juana de Ávila","Juana de Ávila","VE021411"
"Venezuela","Venezuela","VE","Zulia","Zulia","VE02","Maracaibo","Maracaibo","VE0214","Luis Hurtado Higuera","Luis Hurtado Higuera","VE021412"
"Venezuela","Venezuela","VE","Zulia","Zulia","VE02","Maracaibo","Maracaibo","VE0214","Manuel Dagnino","Manuel Dagnino","VE021413"
"Venezuela","Venezuela","VE","Zulia","Zulia","VE02","Maracaibo","Maracaibo","VE0214","Olegario Villalobos","Olegario Villalobos","VE021414"
"Venezuela","Venezuela","VE","Zulia","Zulia","VE02","Maracaibo","Maracaibo","VE0214","Raúl Leoni","Raúl Leoni","VE021415"
"Venezuela","Venezuela","VE","Zulia","Zulia","VE02","Maracaibo","Maracaibo","VE0214","Santa Lucia","Santa Lucia","VE021416"
"Venezuela","Venezuela","VE","Zulia","Zulia","VE02","Maracaibo","Maracaibo","VE0214","Venancio Pulgar","Venancio Pulgar","VE021417"
"Venezuela","Venezuela","VE","Zulia","Zulia","VE02","Maracaibo","Maracaibo","VE0214","San Isidro","San Isidro","VE021418"
"Venezuela","Venezuela","VE","Zulia","Zulia","VE02","Miranda","Miranda","VE0215","Altagracia","Altagracia","VE021501"
"Venezuela","Venezuela","VE","Zulia","Zulia","VE02","Miranda","Miranda","VE0215","Ana María Campos","Ana María Campos","VE021502"
"Venezuela","Venezuela","VE","Zulia","Zulia","VE02","Miranda","Miranda","VE0215","Faria","Faria","VE021503"
"Venezuela","Venezuela","VE","Zulia","Zulia","VE02","Miranda","Miranda","VE0215","San Antonio","San Antonio","VE021504"
"Venezuela","Venezuela","VE","Zulia","Zulia","VE02","Miranda","Miranda","VE0215","San José","San José","VE021505"
"Venezuela","Venezuela","VE","Zulia","Zulia","VE02","Miranda","Miranda","VE0215","José Antonio Chaves","José Antonio Chaves","VE021506"
"Venezuela","Venezuela","VE","Zulia","Zulia","VE02","Rosario de Perijá","Rosario de Perijá","VE0216","El Rosario","El Rosario","VE021601"
"Venezuela","Venezuela","VE","Zulia","Zulia","VE02","Rosario de Perijá","Rosario de Perijá","VE0216","Donaldo García","Donaldo García","VE021602"
"Venezuela","Venezuela","VE","Zulia","Zulia","VE02","Rosario de Perijá","Rosario de Perijá","VE0216","Sixto Zambrano","Sixto Zambrano","VE021603"
"Venezuela","Venezuela","VE","Zulia","Zulia","VE02","San Francisco","San Francisco","VE0217","San Francisco","San Francisco","VE021701"
"Venezuela","Venezuela","VE","Zulia","Zulia","VE02","San Francisco","San Francisco","VE0217","El Bajo","El Bajo","VE021702"
"Venezuela","Venezuela","VE","Zulia","Zulia","VE02","San Francisco","San Francisco","VE0217","Domitila Flores","Domitila Flores","VE021703"
"Venezuela","Venezuela","VE","Zulia","Zulia","VE02","San Francisco","San Francisco","VE0217","Francisco Ochoa","Francisco Ochoa","VE021704"
"Venezuela","Venezuela","VE","Zulia","Zulia","VE02","San Francisco","San Francisco","VE0217","Los Cortijos","Los Cortijos","VE021705"
"Venezuela","Venezuela","VE","Zulia","Zulia","VE02","San Francisco","San Francisco","VE0217","Marcial Hernández","Marcial Hernández","VE021706"
"Venezuela","Venezuela","VE","Zulia","Zulia","VE02","San Francisco","San Francisco","VE0217","José Domingo Rus","José Domingo Rus","VE021707"
"Venezuela","Venezuela","VE","Zulia","Zulia","VE02","Santa Rita","Santa Rita","VE0218","Santa Rita","Santa Rita","VE021801"
"Venezuela","Venezuela","VE","Zulia","Zulia","VE02","Santa Rita","Santa Rita","VE0218","El Mene","El Mene","VE021802"
"Venezuela","Venezuela","VE","Zulia","Zulia","VE02","Santa Rita","Santa Rita","VE0218","José Cenovio Urribarri","José Cenovio Urribarri","VE021803"
"Venezuela","Venezuela","VE","Zulia","Zulia","VE02","Santa Rita","Santa Rita","VE0218","Pedro Lucas Urribarri","Pedro Lucas Urribarri","VE021804"
"Venezuela","Venezuela","VE","Zulia","Zulia","VE02","Simón Bolívar","Simón Bolívar","VE0219","Manuel Manrique","Manuel Manrique","VE021901"
"Venezuela","Venezuela","VE","Zulia","Zulia","VE02","Simón Bolívar","Simón Bolívar","VE0219","Rafael María Baralt","Rafael María Baralt","VE021902"
"Venezuela","Venezuela","VE","Zulia","Zulia","VE02","Simón Bolívar","Simón Bolívar","VE0219","Rafael Urdaneta","Rafael Urdaneta","VE021903"
"Venezuela","Venezuela","VE","Zulia","Zulia","VE02","Sucre","Sucre","VE0220","Bobures","Bobures","VE022001"
"Venezuela","Venezuela","VE","Zulia","Zulia","VE02","Sucre","Sucre","VE0220","El Batey","El Batey","VE022002"
"Venezuela","Venezuela","VE","Zulia","Zulia","VE02","Sucre","Sucre","VE0220","Gibraltar","Gibraltar","VE022003"
"Venezuela","Venezuela","VE","Zulia","Zulia","VE02","Sucre","Sucre","VE0220","Heras","Heras","VE022004"
"Venezuela","Venezuela","VE","Zulia","Zulia","VE02","Sucre","Sucre","VE0220","Monseñor Arturo Celestino Álvarez","Monseñor Arturo Celestino Álvarez","VE022005"
"Venezuela","Venezuela","VE","Zulia","Zulia","VE02","Sucre","Sucre","VE0220","Rómulo Gallegos","Rómulo Gallegos","VE022006"
"Venezuela","Venezuela","VE","Zulia","Zulia","VE02","Valmore Rodríguez","Valmore Rodríguez","VE0221","La Victoria","La Victoria","VE022101"
"Venezuela","Venezuela","VE","Zulia","Zulia","VE02","Valmore Rodríguez","Valmore Rodríguez","VE0221","Rafael Urdaneta","Rafael Urdaneta","VE022102"
"Venezuela","Venezuela","VE","Zulia","Zulia","VE02","Valmore Rodríguez","Valmore Rodríguez","VE0221","Raúl Cuenca","Raúl Cuenca","VE022103"
"Venezuela","Venezuela","VE","Amazonas","Amazonas","VE03","Alto Orinoco","Alto Orinoco","VE0301","Huachamacare","Huachamacare","VE030102"
"Venezuela","Venezuela","VE","Amazonas","Amazonas","VE03","Alto Orinoco","Alto Orinoco","VE0301","Marawaka","Marawaka","VE030103"
"Venezuela","Venezuela","VE","Amazonas","Amazonas","VE03","Alto Orinoco","Alto Orinoco","VE0301","Mavaca","Mavaca","VE030104"
"Venezuela","Venezuela","VE","Amazonas","Amazonas","VE03","Alto Orinoco","Alto Orinoco","VE0301","Sierra Parima","Sierra Parima","VE030105"
"Venezuela","Venezuela","VE","Amazonas","Amazonas","VE03","Atabapo","Atabapo","VE0302","Ucata","Ucata","VE030201"
"Venezuela","Venezuela","VE","Amazonas","Amazonas","VE03","Atabapo","Atabapo","VE0302","Yacapana","Yacapana","VE030202"
"Venezuela","Venezuela","VE","Amazonas","Amazonas","VE03","Atabapo","Atabapo","VE0302","Caname","Caname","VE030203"
"Venezuela","Venezuela","VE","Amazonas","Amazonas","VE03","Atures","Atures","VE0303","Fernando Giron Tovar","Fernando Giron Tovar","VE030301"
"Venezuela","Venezuela","VE","Amazonas","Amazonas","VE03","Atures","Atures","VE0303","Luis Alberto Gómez","Luis Alberto Gómez","VE030302"
"Venezuela","Venezuela","VE","Amazonas","Amazonas","VE03","Atures","Atures","VE0303","Parhueña","Parhueña","VE030303"
"Venezuela","Venezuela","VE","Amazonas","Amazonas","VE03","Atures","Atures","VE0303","Platanillal","Platanillal","VE030304"
"Venezuela","Venezuela","VE","Amazonas","Amazonas","VE03","Autana","Autana","VE0304","Samariapo","Samariapo","VE030401"
"Venezuela","Venezuela","VE","Amazonas","Amazonas","VE03","Autana","Autana","VE0304","Sipapo","Sipapo","VE030402"
"Venezuela","Venezuela","VE","Amazonas","Amazonas","VE03","Autana","Autana","VE0304","Munduapo","Munduapo","VE030403"
"Venezuela","Venezuela","VE","Amazonas","Amazonas","VE03","Autana","Autana","VE0304","Guayapo","Guayapo","VE030404"
"Venezuela","Venezuela","VE","Amazonas","Amazonas","VE03","Manapiare","Manapiare","VE0305","Alto Ventuari","Alto Ventuari","VE030501"
"Venezuela","Venezuela","VE","Amazonas","Amazonas","VE03","Manapiare","Manapiare","VE0305","Medio Ventuari","Medio Ventuari","VE030502"
"Venezuela","Venezuela","VE","Amazonas","Amazonas","VE03","Manapiare","Manapiare","VE0305","Bajo Ventuari","Bajo Ventuari","VE030503"
"Venezuela","Venezuela","VE","Amazonas","Amazonas","VE03","Maroa","Maroa","VE0306","Comunidad","Comunidad","VE030602"
"Venezuela","Venezuela","VE","Amazonas","Amazonas","VE03","Río Negro","Río Negro","VE0307","Solano","Solano","VE030701"
"Venezuela","Venezuela","VE","Amazonas","Amazonas","VE03","Río Negro","Río Negro","VE0307","Casiquiare","Casiquiare","VE030702"
"Venezuela","Venezuela","VE","Amazonas","Amazonas","VE03","Río Negro","Río Negro","VE0307","Cocuy","Cocuy","VE030703"
"Venezuela","Venezuela","VE","Anzoátegui","Anzoátegui","VE04","Anaco","Anaco","VE0401","Anaco","Anaco","VE040101"
"Venezuela","Venezuela","VE","Anzoátegui","Anzoátegui","VE04","Anaco","Anaco","VE0401","San Joaquín","San Joaquín","VE040102"
"Venezuela","Venezuela","VE","Anzoátegui","Anzoátegui","VE04","Aragua","Aragua","VE0402","Aragua","Aragua","VE040201"
"Venezuela","Venezuela","VE","Anzoátegui","Anzoátegui","VE04","Aragua","Aragua","VE0402","Cachipo","Cachipo","VE040202"
"Venezuela","Venezuela","VE","Anzoátegui","Anzoátegui","VE04","Bolívar","Bolívar","VE0403","El Carmen","El Carmen","VE040301"
"Venezuela","Venezuela","VE","Anzoátegui","Anzoátegui","VE04","Bolívar","Bolívar","VE0403","San Cristóbal","San Cristóbal","VE040302"
"Venezuela","Venezuela","VE","Anzoátegui","Anzoátegui","VE04","Bolívar","Bolívar","VE0403","Bergantín","Bergantín","VE040303"
"Venezuela","Venezuela","VE","Anzoátegui","Anzoátegui","VE04","Bolívar","Bolívar","VE0403","Caigua","Caigua","VE040304"
"Venezuela","Venezuela","VE","Anzoátegui","Anzoátegui","VE04","Bolívar","Bolívar","VE0403","El Pilar","El Pilar","VE040305"
"Venezuela","Venezuela","VE","Anzoátegui","Anzoátegui","VE04","Bolívar","Bolívar","VE0403","Naricual","Naricual","VE040306"
"Venezuela","Venezuela","VE","Anzoátegui","Anzoátegui","VE04","Bruzual","Bruzual","VE0404","Capital Manuel Ezequiel Bruzual","Capital Manuel Ezequiel Bruzual","VE040401"
"Venezuela","Venezuela","VE","Anzoátegui","Anzoátegui","VE04","Bruzual","Bruzual","VE0404","Guanape","Guanape","VE040402"
"Venezuela","Venezuela","VE","Anzoátegui","Anzoátegui","VE04","Bruzual","Bruzual","VE0404","Sabana de Uchire","Sabana de Uchire","VE040403"
"Venezuela","Venezuela","VE","Anzoátegui","Anzoátegui","VE04","Cajigal","Cajigal","VE0405","Capital Juan Manuel Cajigal","Capital Juan Manuel Cajigal","VE040501"
"Venezuela","Venezuela","VE","Anzoátegui","Anzoátegui","VE04","Cajigal","Cajigal","VE0405","San Pablo","San Pablo","VE040502"
"Venezuela","Venezuela","VE","Anzoátegui","Anzoátegui","VE04","Carvajal","Carvajal","VE0406","Capital Francisco del Carmen Carvajal","Capital Francisco del Carmen Carvajal","VE040601"
"Venezuela","Venezuela","VE","Anzoátegui","Anzoátegui","VE04","Carvajal","Carvajal","VE0406","Santa Barbará","Santa Barbará","VE040602"
"Venezuela","Venezuela","VE","Anzoátegui","Anzoátegui","VE04","Diego Bautista Urbaneja","Diego Bautista Urbaneja","VE0407","Capital Diego Bautista Urbaneja","Capital Diego Bautista Urbaneja","VE040701"
"Venezuela","Venezuela","VE","Anzoátegui","Anzoátegui","VE04","Diego Bautista Urbaneja","Diego Bautista Urbaneja","VE0407","El Morro","El Morro","VE040702"
"Venezuela","Venezuela","VE","Anzoátegui","Anzoátegui","VE04","Freites","Freites","VE0408","Capital Pedro María Freites","Capital Pedro María Freites","VE040801"
"Venezuela","Venezuela","VE","Anzoátegui","Anzoátegui","VE04","Freites","Freites","VE0408","Libertador","Libertador","VE040802"
"Venezuela","Venezuela","VE","Anzoátegui","Anzoátegui","VE04","Freites","Freites","VE0408","Santa Rosa","Santa Rosa","VE040803"
"Venezuela","Venezuela","VE","Anzoátegui","Anzoátegui","VE04","Freites","Freites","VE0408","Úrica","Úrica","VE040804"
"Venezuela","Venezuela","VE","Anzoátegui","Anzoátegui","VE04","Guanipa","Guanipa","VE0409","Capital San José de Guanipa","Capital San José de Guanipa","VE040901"
"Venezuela","Venezuela","VE","Anzoátegui","Anzoátegui","VE04","Guanta","Guanta","VE0410","Guanta","Guanta","VE041001"
"Venezuela","Venezuela","VE","Anzoátegui","Anzoátegui","VE04","Guanta","Guanta","VE0410","Chorrerón","Chorrerón","VE041002"
"Venezuela","Venezuela","VE","Anzoátegui","Anzoátegui","VE04","Independencia","Independencia","VE0411","Independencia","Independencia","VE041101"
"Venezuela","Venezuela","VE","Anzoátegui","Anzoátegui","VE04","Independencia","Independencia","VE0411","Mamo","Mamo","VE041102"
"Venezuela","Venezuela","VE","Anzoátegui","Anzoátegui","VE04","Libertad","Libertad","VE0412","Capital Libertad","Capital Libertad","VE041201"
"Venezuela","Venezuela","VE","Anzoátegui","Anzoátegui","VE04","Libertad","Libertad","VE0412","El Carito","El Carito","VE041202"
"Venezuela","Venezuela","VE","Anzoátegui","Anzoátegui","VE04","Libertad","Libertad","VE0412","Santa Inés","Santa Inés","VE041203"
"Venezuela","Venezuela","VE","Anzoátegui","Anzoátegui","VE04","McGregor","McGregor","VE0413","Capital Sir Arthur Mc Gregor","Capital Sir Arthur Mc Gregor","VE041301"
"Venezuela","Venezuela","VE","Anzoátegui","Anzoátegui","VE04","McGregor","McGregor","VE0413","Tomas Alfaro Calatrava","Tomas Alfaro Calatrava","VE041302"
"Venezuela","Venezuela","VE","Anzoátegui","Anzoátegui","VE04","Miranda","Miranda","VE0414","Francisco de Miranda","Francisco de Miranda","VE041401"
"Venezuela","Venezuela","VE","Anzoátegui","Anzoátegui","VE04","Miranda","Miranda","VE0414","Atapirire","Atapirire","VE041402"
"Venezuela","Venezuela","VE","Anzoátegui","Anzoátegui","VE04","Miranda","Miranda","VE0414","Boca del Pao","Boca del Pao","VE041403"
"Venezuela","Venezuela","VE","Anzoátegui","Anzoátegui","VE04","Miranda","Miranda","VE0414","El Pao","El Pao","VE041404"
"Venezuela","Venezuela","VE","Anzoátegui","Anzoátegui","VE04","Monagas","Monagas","VE0415","José Gregorio Monagas","José Gregorio Monagas","VE041501"
"Venezuela","Venezuela","VE","Anzoátegui","Anzoátegui","VE04","Monagas","Monagas","VE0415","Piar","Piar","VE041502"
"Venezuela","Venezuela","VE","Anzoátegui","Anzoátegui","VE04","Monagas","Monagas","VE0415","San Diego de Cabrutica","San Diego de Cabrutica","VE041503"
"Venezuela","Venezuela","VE","Anzoátegui","Anzoátegui","VE04","Monagas","Monagas","VE0415","Santa Clara","Santa Clara","VE041504"
"Venezuela","Venezuela","VE","Anzoátegui","Anzoátegui","VE04","Monagas","Monagas","VE0415","Uverito","Uverito","VE041505"
"Venezuela","Venezuela","VE","Anzoátegui","Anzoátegui","VE04","Monagas","Monagas","VE0415","Zuata","Zuata","VE041506"
"Venezuela","Venezuela","VE","Anzoátegui","Anzoátegui","VE04","Peñalver","Peñalver","VE0416","Fernando de Peñalver","Fernando de Peñalver","VE041601"
"Venezuela","Venezuela","VE","Anzoátegui","Anzoátegui","VE04","Peñalver","Peñalver","VE0416","San Miguel","San Miguel","VE041602"
"Venezuela","Venezuela","VE","Anzoátegui","Anzoátegui","VE04","Peñalver","Peñalver","VE0416","Sucre","Sucre","VE041603"
"Venezuela","Venezuela","VE","Anzoátegui","Anzoátegui","VE04","Píritu","Píritu","VE0417","Capital Piritu","Capital Piritu","VE041701"
"Venezuela","Venezuela","VE","Anzoátegui","Anzoátegui","VE04","Píritu","Píritu","VE0417","San Francisco","San Francisco","VE041702"
"Venezuela","Venezuela","VE","Anzoátegui","Anzoátegui","VE04","San Juan de Capistrano","San Juan de Capistrano","VE0418","Capital San Juan de Capistrano","Capital San Juan de Capistrano","VE041801"
"Venezuela","Venezuela","VE","Anzoátegui","Anzoátegui","VE04","San Juan de Capistrano","San Juan de Capistrano","VE0418","Boca de Chávez","Boca de Chávez","VE041802"
"Venezuela","Venezuela","VE","Anzoátegui","Anzoátegui","VE04","Santa Ana","Santa Ana","VE0419","Santa Ana","Santa Ana","VE041901"
"Venezuela","Venezuela","VE","Anzoátegui","Anzoátegui","VE04","Santa Ana","Santa Ana","VE0419","Pueblo Nuevo","Pueblo Nuevo","VE041902"
"Venezuela","Venezuela","VE","Anzoátegui","Anzoátegui","VE04","Simón Rodríguez","Simón Rodríguez","VE0420","Edmundo Barrios","Edmundo Barrios","VE042001"
"Venezuela","Venezuela","VE","Anzoátegui","Anzoátegui","VE04","Simón Rodríguez","Simón Rodríguez","VE0420","Miguel Otero Silva","Miguel Otero Silva","VE042002"
"Venezuela","Venezuela","VE","Anzoátegui","Anzoátegui","VE04","Sotillo","Sotillo","VE0421","Puerto la Cruz","Puerto la Cruz","VE042101"
"Venezuela","Venezuela","VE","Anzoátegui","Anzoátegui","VE04","Sotillo","Sotillo","VE0421","Pozuelos","Pozuelos","VE042102"
"Venezuela","Venezuela","VE","Apure","Apure","VE05","Achaguas","Achaguas","VE0501","Urbana Achaguas","Urbana Achaguas","VE050101"
"Venezuela","Venezuela","VE","Apure","Apure","VE05","Achaguas","Achaguas","VE0501","Apurito","Apurito","VE050102"
"Venezuela","Venezuela","VE","Apure","Apure","VE05","Achaguas","Achaguas","VE0501","El Yagual","El Yagual","VE050103"
"Venezuela","Venezuela","VE","Apure","Apure","VE05","Achaguas","Achaguas","VE0501","Guachara","Guachara","VE050104"
"Venezuela","Venezuela","VE","Apure","Apure","VE05","Achaguas","Achaguas","VE0501","Mucuritas","Mucuritas","VE050105"
"Venezuela","Venezuela","VE","Apure","Apure","VE05","Achaguas","Achaguas","VE0501","Queseras del Medio","Queseras del Medio","VE050106"
"Venezuela","Venezuela","VE","Apure","Apure","VE05","Biruaca","Biruaca","VE0502","Urbana Biruaca","Urbana Biruaca","VE050201"
"Venezuela","Venezuela","VE","Apure","Apure","VE05","Muñoz","Muñoz","VE0503","Urbana Bruzual","Urbana Bruzual","VE050301"
"Venezuela","Venezuela","VE","Apure","Apure","VE05","Muñoz","Muñoz","VE0503","Mantecal","Mantecal","VE050302"
"Venezuela","Venezuela","VE","Apure","Apure","VE05","Muñoz","Muñoz","VE0503","Quintero","Quintero","VE050303"
"Venezuela","Venezuela","VE","Apure","Apure","VE05","Muñoz","Muñoz","VE0503","Rincón Hondo","Rincón Hondo","VE050304"
"Venezuela","Venezuela","VE","Apure","Apure","VE05","Muñoz","Muñoz","VE0503","San Vicente","San Vicente","VE050305"
"Venezuela","Venezuela","VE","Apure","Apure","VE05","Páez","Páez","VE0504","Urbana Guasdualito","Urbana Guasdualito","VE050401"
"Venezuela","Venezuela","VE","Apure","Apure","VE05","Páez","Páez","VE0504","Arismendi","Arismendi","VE050402"
"Venezuela","Venezuela","VE","Apure","Apure","VE05","Páez","Páez","VE0504","El Amparo","El Amparo","VE050403"
"Venezuela","Venezuela","VE","Apure","Apure","VE05","Páez","Páez","VE0504","San Camilo","San Camilo","VE050404"
"Venezuela","Venezuela","VE","Apure","Apure","VE05","Páez","Páez","VE0504","Urdaneta","Urdaneta","VE050405"
"Venezuela","Venezuela","VE","Apure","Apure","VE05","Pedro Camejo","Pedro Camejo","VE0505","San Juan de Payara","San Juan de Payara","VE050501"
"Venezuela","Venezuela","VE","Apure","Apure","VE05","Pedro Camejo","Pedro Camejo","VE0505","Codazzi","Codazzi","VE050502"
"Venezuela","Venezuela","VE","Apure","Apure","VE05","Pedro Camejo","Pedro Camejo","VE0505","Cunaviche","Cunaviche","VE050503"
"Venezuela","Venezuela","VE","Apure","Apure","VE05","Rómulo Gallegos","Rómulo Gallegos","VE0506","Urbana Elorza","Urbana Elorza","VE050601"
"Venezuela","Venezuela","VE","Apure","Apure","VE05","Rómulo Gallegos","Rómulo Gallegos","VE0506","La Trinidad","La Trinidad","VE050602"
"Venezuela","Venezuela","VE","Apure","Apure","VE05","San Fernando","San Fernando","VE0507","Urbana San Fernando de Apure","Urbana San Fernando de Apure","VE050701"
"Venezuela","Venezuela","VE","Apure","Apure","VE05","San Fernando","San Fernando","VE0507","El Recreo","El Recreo","VE050702"
"Venezuela","Venezuela","VE","Apure","Apure","VE05","San Fernando","San Fernando","VE0507","Peñalver","Peñalver","VE050703"
"Venezuela","Venezuela","VE","Apure","Apure","VE05","San Fernando","San Fernando","VE0507","San Rafael de Atamaica","San Rafael de Atamaica","VE050704"
"Venezuela","Venezuela","VE","Aragua","Aragua","VE06","Bolívar","Bolívar","VE0601","Capital Bolívar","Capital Bolívar","VE060101"
"Venezuela","Venezuela","VE","Aragua","Aragua","VE06","Camatagua","Camatagua","VE0602","Camatagua","Camatagua","VE060201"
"Venezuela","Venezuela","VE","Aragua","Aragua","VE06","Camatagua","Camatagua","VE0602","No Urbana Carmen de Cura","No Urbana Carmen de Cura","VE060202"
"Venezuela","Venezuela","VE","Aragua","Aragua","VE06","Francisco Linares Alcántara","Francisco Linares Alcántara","VE0603","Francisco Linares Alcántara","Francisco Linares Alcántara","VE060301"
"Venezuela","Venezuela","VE","Aragua","Aragua","VE06","Francisco Linares Alcántara","Francisco Linares Alcántara","VE0603","No Urbana Francisco de Miranda","No Urbana Francisco de Miranda","VE060302"
"Venezuela","Venezuela","VE","Aragua","Aragua","VE06","Francisco Linares Alcántara","Francisco Linares Alcántara","VE0603","No Urbana Monseñor Feliciano González","No Urbana Monseñor Feliciano González","VE060303"
"Venezuela","Venezuela","VE","Aragua","Aragua","VE06","Girardot","Girardot","VE0604","No Urbana Choroni","No Urbana Choroni","VE060402"
"Venezuela","Venezuela","VE","Aragua","Aragua","VE06","Girardot","Girardot","VE0604","Urbana las Delicias","Urbana las Delicias","VE060403"
"Venezuela","Venezuela","VE","Aragua","Aragua","VE06","Girardot","Girardot","VE0604","Urbana Madre María de San José","Urbana Madre María de San José","VE060404"
"Venezuela","Venezuela","VE","Aragua","Aragua","VE06","Girardot","Girardot","VE0604","Urbana Joaquín Crespo","Urbana Joaquín Crespo","VE060405"
"Venezuela","Venezuela","VE","Aragua","Aragua","VE06","Girardot","Girardot","VE0604","Urbana Pedro José Ovalles","Urbana Pedro José Ovalles","VE060406"
"Venezuela","Venezuela","VE","Aragua","Aragua","VE06","Girardot","Girardot","VE0604","Urbana José Casanova Godoy","Urbana José Casanova Godoy","VE060407"
"Venezuela","Venezuela","VE","Aragua","Aragua","VE06","Girardot","Girardot","VE0604","Urbana Andrés Eloy Blanco","Urbana Andrés Eloy Blanco","VE060408"
"Venezuela","Venezuela","VE","Aragua","Aragua","VE06","Girardot","Girardot","VE0604","Urbana los Tacariguas","Urbana los Tacariguas","VE060409"
"Venezuela","Venezuela","VE","Aragua","Aragua","VE06","José Ángel Lamas","José Ángel Lamas","VE0605","Capital José Ángel Lamas","Capital José Ángel Lamas","VE060501"
"Venezuela","Venezuela","VE","Aragua","Aragua","VE06","José Félix Ribas","José Félix Ribas","VE0606","Urbana Juan Vicente Bolívar y Ponte","Urbana Juan Vicente Bolívar y Ponte","VE060601"
"Venezuela","Venezuela","VE","Aragua","Aragua","VE06","José Félix Ribas","José Félix Ribas","VE0606","Urbana Castor Nieves Ríos","Urbana Castor Nieves Ríos","VE060602"
"Venezuela","Venezuela","VE","Aragua","Aragua","VE06","José Félix Ribas","José Félix Ribas","VE0606","No Urbana las Guacamayas","No Urbana las Guacamayas","VE060603"
"Venezuela","Venezuela","VE","Aragua","Aragua","VE06","José Félix Ribas","José Félix Ribas","VE0606","No Urbana Pao de Zarate","No Urbana Pao de Zarate","VE060604"
"Venezuela","Venezuela","VE","Aragua","Aragua","VE06","José Félix Ribas","José Félix Ribas","VE0606","No Urbana Zuata","No Urbana Zuata","VE060605"
"Venezuela","Venezuela","VE","Aragua","Aragua","VE06","José Rafael Revenga","José Rafael Revenga","VE0607","Capital José Rafael Revenga","Capital José Rafael Revenga","VE060701"
"Venezuela","Venezuela","VE","Aragua","Aragua","VE06","Libertador","Libertador","VE0608","Libertador","Libertador","VE060801"
"Venezuela","Venezuela","VE","Aragua","Aragua","VE06","Libertador","Libertador","VE0608","No Urbana San Martin de Porres","No Urbana San Martin de Porres","VE060802"
"Venezuela","Venezuela","VE","Aragua","Aragua","VE06","Mario Briceño Iragorry","Mario Briceño Iragorry","VE0609","Mario Briceño Iragorry","Mario Briceño Iragorry","VE060901"
"Venezuela","Venezuela","VE","Aragua","Aragua","VE06","Mario Briceño Iragorry","Mario Briceño Iragorry","VE0609","Urbana Caña de Azúcar","Urbana Caña de Azúcar","VE060902"
"Venezuela","Venezuela","VE","Aragua","Aragua","VE06","Ocumare de la Costa de Oro","Ocumare de la Costa de Oro","VE0610","Ocumare de la Costa de Oro","Ocumare de la Costa de Oro","VE061001"
"Venezuela","Venezuela","VE","Aragua","Aragua","VE06","San Casimiro","San Casimiro","VE0611","San Casimiro","San Casimiro","VE061101"
"Venezuela","Venezuela","VE","Aragua","Aragua","VE06","San Casimiro","San Casimiro","VE0611","No Urbana Guiripa","No Urbana Guiripa","VE061102"
"Venezuela","Venezuela","VE","Aragua","Aragua","VE06","San Casimiro","San Casimiro","VE0611","No Urbana Ollas de Caramacate","No Urbana Ollas de Caramacate","VE061103"
"Venezuela","Venezuela","VE","Aragua","Aragua","VE06","San Casimiro","San Casimiro","VE0611","No Urbana Valle Morín","No Urbana Valle Morín","VE061104"
"Venezuela","Venezuela","VE","Aragua","Aragua","VE06","San Sebastián","San Sebastián","VE0612","Capital San Sebastián","Capital San Sebastián","VE061201"
"Venezuela","Venezuela","VE","Aragua","Aragua","VE06","Santiago Mariño","Santiago Mariño","VE0613","Santiago Mariño","Santiago Mariño","VE061301"
"Venezuela","Venezuela","VE","Aragua","Aragua","VE06","Santiago Mariño","Santiago Mariño","VE0613","No Urbana Arévalo Aponte","No Urbana Arévalo Aponte","VE061302"
"Venezuela","Venezuela","VE","Aragua","Aragua","VE06","Santiago Mariño","Santiago Mariño","VE0613","No Urbana Chuao","No Urbana Chuao","VE061303"
"Venezuela","Venezuela","VE","Aragua","Aragua","VE06","Santiago Mariño","Santiago Mariño","VE0613","No Urbana Samán de Guere","No Urbana Samán de Guere","VE061304"
"Venezuela","Venezuela","VE","Aragua","Aragua","VE06","Santiago Mariño","Santiago Mariño","VE0613","No Urbana Alfredo Pacheco Miranda","No Urbana Alfredo Pacheco Miranda","VE061305"
"Venezuela","Venezuela","VE","Aragua","Aragua","VE06","Santos Michelena","Santos Michelena","VE0614","Santos Michelena","Santos Michelena","VE061401"
"Venezuela","Venezuela","VE","Aragua","Aragua","VE06","Santos Michelena","Santos Michelena","VE0614","No Urbana Tiara","No Urbana Tiara","VE061402"
"Venezuela","Venezuela","VE","Aragua","Aragua","VE06","Sucre","Sucre","VE0615","Sucre","Sucre","VE061501"
"Venezuela","Venezuela","VE","Aragua","Aragua","VE06","Sucre","Sucre","VE0615","No Urbana Bella Vista","No Urbana Bella Vista","VE061502"
"Venezuela","Venezuela","VE","Aragua","Aragua","VE06","Tovar","Tovar","VE0616","Capital Tovar","Capital Tovar","VE061601"
"Venezuela","Venezuela","VE","Aragua","Aragua","VE06","Urdaneta","Urdaneta","VE0617","Urdaneta","Urdaneta","VE061701"
"Venezuela","Venezuela","VE","Aragua","Aragua","VE06","Urdaneta","Urdaneta","VE0617","No Urbana las Peñitas","No Urbana las Peñitas","VE061702"
"Venezuela","Venezuela","VE","Aragua","Aragua","VE06","Urdaneta","Urdaneta","VE0617","No Urbana San Francisco de Cara","No Urbana San Francisco de Cara","VE061703"
"Venezuela","Venezuela","VE","Aragua","Aragua","VE06","Urdaneta","Urdaneta","VE0617","No Urbana Taguay","No Urbana Taguay","VE061704"
"Venezuela","Venezuela","VE","Aragua","Aragua","VE06","Zamora","Zamora","VE0618","Ezequiel Zamora","Ezequiel Zamora","VE061801"
"Venezuela","Venezuela","VE","Aragua","Aragua","VE06","Zamora","Zamora","VE0618","No Urbana Magdaleno","No Urbana Magdaleno","VE061802"
"Venezuela","Venezuela","VE","Aragua","Aragua","VE06","Zamora","Zamora","VE0618","No Urbana San Francisco de Asís","No Urbana San Francisco de Asís","VE061803"
"Venezuela","Venezuela","VE","Aragua","Aragua","VE06","Zamora","Zamora","VE0618","No Urbana Valles de Tucutunemo","No Urbana Valles de Tucutunemo","VE061804"
"Venezuela","Venezuela","VE","Aragua","Aragua","VE06","Zamora","Zamora","VE0618","No Urbana Augusto Mijares","No Urbana Augusto Mijares","VE061805"
"Venezuela","Venezuela","VE","Barinas","Barinas","VE07","Alberto Arvelo Torrealba","Alberto Arvelo Torrealba","VE0701","Sabaneta","Sabaneta","VE070101"
"Venezuela","Venezuela","VE","Barinas","Barinas","VE07","Alberto Arvelo Torrealba","Alberto Arvelo Torrealba","VE0701","Rodríguez Domínguez","Rodríguez Domínguez","VE070102"
"Venezuela","Venezuela","VE","Barinas","Barinas","VE07","Andrés Eloy Blanco","Andrés Eloy Blanco","VE0702","El Cantón","El Cantón","VE070201"
"Venezuela","Venezuela","VE","Barinas","Barinas","VE07","Andrés Eloy Blanco","Andrés Eloy Blanco","VE0702","Santa Cruz de Guacas","Santa Cruz de Guacas","VE070202"
"Venezuela","Venezuela","VE","Barinas","Barinas","VE07","Andrés Eloy Blanco","Andrés Eloy Blanco","VE0702","Puerto Vivas","Puerto Vivas","VE070203"
"Venezuela","Venezuela","VE","Barinas","Barinas","VE07","Antonio José de Sucre","Antonio José de Sucre","VE0703","Ticoporo","Ticoporo","VE070301"
"Venezuela","Venezuela","VE","Barinas","Barinas","VE07","Antonio José de Sucre","Antonio José de Sucre","VE0703","Andrés Bello","Andrés Bello","VE070302"
"Venezuela","Venezuela","VE","Barinas","Barinas","VE07","Antonio José de Sucre","Antonio José de Sucre","VE0703","Nicolás Pulido","Nicolás Pulido","VE070303"
"Venezuela","Venezuela","VE","Barinas","Barinas","VE07","Arismendi","Arismendi","VE0704","Arismendi","Arismendi","VE070401"
"Venezuela","Venezuela","VE","Barinas","Barinas","VE07","Arismendi","Arismendi","VE0704","Guadarrama","Guadarrama","VE070402"
"Venezuela","Venezuela","VE","Barinas","Barinas","VE07","Arismendi","Arismendi","VE0704","La Unión","La Unión","VE070403"
"Venezuela","Venezuela","VE","Barinas","Barinas","VE07","Arismendi","Arismendi","VE0704","San Antonio","San Antonio","VE070404"
"Venezuela","Venezuela","VE","Barinas","Barinas","VE07","Barinas","Barinas","VE0705","Barinas","Barinas","VE070501"
"Venezuela","Venezuela","VE","Barinas","Barinas","VE07","Barinas","Barinas","VE0705","Alfredo Arvelo Larriva","Alfredo Arvelo Larriva","VE070502"
"Venezuela","Venezuela","VE","Barinas","Barinas","VE07","Barinas","Barinas","VE0705","San Silvestre","San Silvestre","VE070503"
"Venezuela","Venezuela","VE","Barinas","Barinas","VE07","Barinas","Barinas","VE0705","Santa Inés","Santa Inés","VE070504"
"Venezuela","Venezuela","VE","Barinas","Barinas","VE07","Barinas","Barinas","VE0705","Santa Lucia","Santa Lucia","VE070505"
"Venezuela","Venezuela","VE","Barinas","Barinas","VE07","Barinas","Barinas","VE0705","Torunos","Torunos","VE070506"
"Venezuela","Venezuela","VE","Barinas","Barinas","VE07","Barinas","Barinas","VE0705","El Carmen","El Carmen","VE070507"
"Venezuela","Venezuela","VE","Barinas","Barinas","VE07","Barinas","Barinas","VE0705","Don Rómulo Betancourt","Don Rómulo Betancourt","VE070508"
"Venezuela","Venezuela","VE","Barinas","Barinas","VE07","Barinas","Barinas","VE0705","Corazón de Jesús","Corazón de Jesús","VE070509"
"Venezuela","Venezuela","VE","Barinas","Barinas","VE07","Barinas","Barinas","VE0705","Ramón Ignacio Méndez","Ramón Ignacio Méndez","VE070510"
"Venezuela","Venezuela","VE","Barinas","Barinas","VE07","Barinas","Barinas","VE0705","Alto Barinas","Alto Barinas","VE070511"
"Venezuela","Venezuela","VE","Barinas","Barinas","VE07","Barinas","Barinas","VE0705","Manuel Palacio Fajardo","Manuel Palacio Fajardo","VE070512"
"Venezuela","Venezuela","VE","Barinas","Barinas","VE07","Barinas","Barinas","VE0705","Juan Antonio Rodríguez Domínguez","Juan Antonio Rodríguez Domínguez","VE070513"
"Venezuela","Venezuela","VE","Barinas","Barinas","VE07","Barinas","Barinas","VE0705","Dominga Ortiz de Páez","Dominga Ortiz de Páez","VE070514"
"Venezuela","Venezuela","VE","Barinas","Barinas","VE07","Bolívar","Bolívar","VE0706","Barinitas","Barinitas","VE070601"
"Venezuela","Venezuela","VE","Barinas","Barinas","VE07","Bolívar","Bolívar","VE0706","Altamira","Altamira","VE070602"
"Venezuela","Venezuela","VE","Barinas","Barinas","VE07","Bolívar","Bolívar","VE0706","Calderas","Calderas","VE070603"
"Venezuela","Venezuela","VE","Barinas","Barinas","VE07","Cruz Paredes","Cruz Paredes","VE0707","Barrancas","Barrancas","VE070701"
"Venezuela","Venezuela","VE","Barinas","Barinas","VE07","Cruz Paredes","Cruz Paredes","VE0707","El Socorro","El Socorro","VE070702"
"Venezuela","Venezuela","VE","Barinas","Barinas","VE07","Cruz Paredes","Cruz Paredes","VE0707","Masparrito","Masparrito","VE070703"
"Venezuela","Venezuela","VE","Barinas","Barinas","VE07","Ezequiel Zamora","Ezequiel Zamora","VE0708","Santa Barbará","Santa Barbará","VE070801"
"Venezuela","Venezuela","VE","Barinas","Barinas","VE07","Ezequiel Zamora","Ezequiel Zamora","VE0708","José Ignacio del Pumar Pedraza","José Ignacio del Pumar Pedraza","VE070802"
"Venezuela","Venezuela","VE","Barinas","Barinas","VE07","Ezequiel Zamora","Ezequiel Zamora","VE0708","Pedro Briceño Méndez","Pedro Briceño Méndez","VE070803"
"Venezuela","Venezuela","VE","Barinas","Barinas","VE07","Ezequiel Zamora","Ezequiel Zamora","VE0708","Ramón Ignacio Méndez","Ramón Ignacio Méndez","VE070804"
"Venezuela","Venezuela","VE","Barinas","Barinas","VE07","Obispos","Obispos","VE0709","Obispos","Obispos","VE070901"
"Venezuela","Venezuela","VE","Barinas","Barinas","VE07","Obispos","Obispos","VE0709","La Luz","La Luz","VE070902"
"Venezuela","Venezuela","VE","Barinas","Barinas","VE07","Obispos","Obispos","VE0709","El Real","El Real","VE070903"
"Venezuela","Venezuela","VE","Barinas","Barinas","VE07","Obispos","Obispos","VE0709","Guasimitos","Guasimitos","VE070904"
"Venezuela","Venezuela","VE","Barinas","Barinas","VE07","Pedraza","Pedraza","VE0710","Ciudad Bolivia","Ciudad Bolivia","VE071001"
"Venezuela","Venezuela","VE","Barinas","Barinas","VE07","Pedraza","Pedraza","VE0710","Ignacio Briceño","Ignacio Briceño","VE071002"
"Venezuela","Venezuela","VE","Barinas","Barinas","VE07","Pedraza","Pedraza","VE0710","José Félix Ribas","José Félix Ribas","VE071003"
"Venezuela","Venezuela","VE","Barinas","Barinas","VE07","Pedraza","Pedraza","VE0710","Páez","Páez","VE071004"
"Venezuela","Venezuela","VE","Barinas","Barinas","VE07","Rojas","Rojas","VE0711","Libertad","Libertad","VE071101"
"Venezuela","Venezuela","VE","Barinas","Barinas","VE07","Rojas","Rojas","VE0711","Dolores","Dolores","VE071102"
"Venezuela","Venezuela","VE","Barinas","Barinas","VE07","Rojas","Rojas","VE0711","Palacios Fajardo","Palacios Fajardo","VE071103"
"Venezuela","Venezuela","VE","Barinas","Barinas","VE07","Rojas","Rojas","VE0711","Santa Rosa","Santa Rosa","VE071104"
"Venezuela","Venezuela","VE","Barinas","Barinas","VE07","Rojas","Rojas","VE0711","Simón Rodríguez","Simón Rodríguez","VE071105"
"Venezuela","Venezuela","VE","Barinas","Barinas","VE07","Sosa","Sosa","VE0712","Ciudad de Nutrias","Ciudad de Nutrias","VE071201"
"Venezuela","Venezuela","VE","Barinas","Barinas","VE07","Sosa","Sosa","VE0712","El Regalo","El Regalo","VE071202"
"Venezuela","Venezuela","VE","Barinas","Barinas","VE07","Sosa","Sosa","VE0712","Puerto de Nutrias","Puerto de Nutrias","VE071203"
"Venezuela","Venezuela","VE","Barinas","Barinas","VE07","Sosa","Sosa","VE0712","Santa Catalina","Santa Catalina","VE071204"
"Venezuela","Venezuela","VE","Barinas","Barinas","VE07","Sosa","Sosa","VE0712","Simón Bolívar","Simón Bolívar","VE071205"
"Venezuela","Venezuela","VE","Bolívar","Bolívar","VE08","Angostura","Angostura","VE0801","Capital Angostura","Capital Angostura","VE080101"
"Venezuela","Venezuela","VE","Bolívar","Bolívar","VE08","Angostura","Angostura","VE0801","Barceloneta","Barceloneta","VE080102"
"Venezuela","Venezuela","VE","Bolívar","Bolívar","VE08","Angostura","Angostura","VE0801","San Francisco","San Francisco","VE080103"
"Venezuela","Venezuela","VE","Bolívar","Bolívar","VE08","Angostura","Angostura","VE0801","Santa Bárbara","Santa Bárbara","VE080104"
"Venezuela","Venezuela","VE","Bolívar","Bolívar","VE08","Caroní","Caroní","VE0802","Cachamay","Cachamay","VE080201"
"Venezuela","Venezuela","VE","Bolívar","Bolívar","VE08","Caroní","Caroní","VE0802","Chirica","Chirica","VE080202"
"Venezuela","Venezuela","VE","Bolívar","Bolívar","VE08","Caroní","Caroní","VE0802","Dalla Costa","Dalla Costa","VE080203"
"Venezuela","Venezuela","VE","Bolívar","Bolívar","VE08","Caroní","Caroní","VE0802","Once de Abril","Once de Abril","VE080204"
"Venezuela","Venezuela","VE","Bolívar","Bolívar","VE08","Caroní","Caroní","VE0802","Simón Bolívar","Simón Bolívar","VE080205"
"Venezuela","Venezuela","VE","Bolívar","Bolívar","VE08","Caroní","Caroní","VE0802","Unare","Unare","VE080206"
"Venezuela","Venezuela","VE","Bolívar","Bolívar","VE08","Caroní","Caroní","VE0802","Universidad","Universidad","VE080207"
"Venezuela","Venezuela","VE","Bolívar","Bolívar","VE08","Caroní","Caroní","VE0802","Vista Al Sol","Vista Al Sol","VE080208"
"Venezuela","Venezuela","VE","Bolívar","Bolívar","VE08","Caroní","Caroní","VE0802","Pozo Verde","Pozo Verde","VE080209"
"Venezuela","Venezuela","VE","Bolívar","Bolívar","VE08","Caroní","Caroní","VE0802","Yocoima","Yocoima","VE080210"
"Venezuela","Venezuela","VE","Bolívar","Bolívar","VE08","Caroní","Caroní","VE0802","Cinco de Julio","Cinco de Julio","VE080211"
"Venezuela","Venezuela","VE","Bolívar","Bolívar","VE08","Cedeño","Cedeño","VE0803","Sección Capital Cedeño","Sección Capital Cedeño","VE080301"
"Venezuela","Venezuela","VE","Bolívar","Bolívar","VE08","Cedeño","Cedeño","VE0803","Altagracia","Altagracia","VE080302"
"Venezuela","Venezuela","VE","Bolívar","Bolívar","VE08","Cedeño","Cedeño","VE0803","Ascensión Farreras","Ascensión Farreras","VE080303"
"Venezuela","Venezuela","VE","Bolívar","Bolívar","VE08","Cedeño","Cedeño","VE0803","Guainiamo","Guainiamo","VE080304"
"Venezuela","Venezuela","VE","Bolívar","Bolívar","VE08","Cedeño","Cedeño","VE0803","La Urbana","La Urbana","VE080305"
"Venezuela","Venezuela","VE","Bolívar","Bolívar","VE08","Cedeño","Cedeño","VE0803","Pijiguaos","Pijiguaos","VE080306"
"Venezuela","Venezuela","VE","Bolívar","Bolívar","VE08","El Callao","El Callao","VE0804","Sección Capital el Callao","Sección Capital el Callao","VE080401"
"Venezuela","Venezuela","VE","Bolívar","Bolívar","VE08","Gran Sabana","Gran Sabana","VE0805","Sección Capital Gran Sabana","Sección Capital Gran Sabana","VE080501"
"Venezuela","Venezuela","VE","Bolívar","Bolívar","VE08","Gran Sabana","Gran Sabana","VE0805","Ikabaru","Ikabaru","VE080502"
"Venezuela","Venezuela","VE","Bolívar","Bolívar","VE08","Heres","Heres","VE0806","Agua Salada","Agua Salada","VE080601"
"Venezuela","Venezuela","VE","Bolívar","Bolívar","VE08","Heres","Heres","VE0806","Catedral","Catedral","VE080602"
"Venezuela","Venezuela","VE","Bolívar","Bolívar","VE08","Heres","Heres","VE0806","José Antonio Páez","José Antonio Páez","VE080603"
"Venezuela","Venezuela","VE","Bolívar","Bolívar","VE08","Heres","Heres","VE0806","La Sabanita","La Sabanita","VE080604"
"Venezuela","Venezuela","VE","Bolívar","Bolívar","VE08","Heres","Heres","VE0806","Marhuanta","Marhuanta","VE080605"
"Venezuela","Venezuela","VE","Bolívar","Bolívar","VE08","Heres","Heres","VE0806","Vista Hermosa","Vista Hermosa","VE080606"
"Venezuela","Venezuela","VE","Bolívar","Bolívar","VE08","Heres","Heres","VE0806","Orinoco","Orinoco","VE080607"
"Venezuela","Venezuela","VE","Bolívar","Bolívar","VE08","Heres","Heres","VE0806","Panapana","Panapana","VE080608"
"Venezuela","Venezuela","VE","Bolívar","Bolívar","VE08","Heres","Heres","VE0806","Zea","Zea","VE080609"
"Venezuela","Venezuela","VE","Bolívar","Bolívar","VE08","Píar","Píar","VE0807","Sección Capital Piar","Sección Capital Piar","VE080701"
"Venezuela","Venezuela","VE","Bolívar","Bolívar","VE08","Píar","Píar","VE0807","Andrés Eloy Blanco","Andrés Eloy Blanco","VE080702"
"Venezuela","Venezuela","VE","Bolívar","Bolívar","VE08","Píar","Píar","VE0807","Pedro Cova","Pedro Cova","VE080703"
"Venezuela","Venezuela","VE","Bolívar","Bolívar","VE08","Roscio","Roscio","VE0808","Sección Capital Roscio","Sección Capital Roscio","VE080801"
"Venezuela","Venezuela","VE","Bolívar","Bolívar","VE08","Roscio","Roscio","VE0808","Salom","Salom","VE080802"
"Venezuela","Venezuela","VE","Bolívar","Bolívar","VE08","Sifontes","Sifontes","VE0809","Sección Capital Sifontes","Sección Capital Sifontes","VE080901"
"Venezuela","Venezuela","VE","Bolívar","Bolívar","VE08","Sifontes","Sifontes","VE0809","Dalla Costa","Dalla Costa","VE080902"
"Venezuela","Venezuela","VE","Bolívar","Bolívar","VE08","Sifontes","Sifontes","VE0809","San Isidro","San Isidro","VE080903"
"Venezuela","Venezuela","VE","Bolívar","Bolívar","VE08","Sucre","Sucre","VE0810","Sección Capital Sucre","Sección Capital Sucre","VE081001"
"Venezuela","Venezuela","VE","Bolívar","Bolívar","VE08","Sucre","Sucre","VE0810","Ariapo","Ariapo","VE081002"
"Venezuela","Venezuela","VE","Bolívar","Bolívar","VE08","Sucre","Sucre","VE0810","Guarataro","Guarataro","VE081003"
"Venezuela","Venezuela","VE","Bolívar","Bolívar","VE08","Sucre","Sucre","VE0810","Las Majadas","Las Majadas","VE081004"
"Venezuela","Venezuela","VE","Bolívar","Bolívar","VE08","Sucre","Sucre","VE0810","Motiaco","Motiaco","VE081005"
"Venezuela","Venezuela","VE","Bolívar","Bolívar","VE08","Padre Pedro Chien","Padre Pedro Chien","VE0811","Sección Capital Padre Pedro Chien","Sección Capital Padre Pedro Chien","VE081101"
"Venezuela","Venezuela","VE","Carabobo","Carabobo","VE09","Bejuma","Bejuma","VE0901","Urbana Bejuma","Urbana Bejuma","VE090101"
"Venezuela","Venezuela","VE","Carabobo","Carabobo","VE09","Bejuma","Bejuma","VE0901","No Urbana Canoabo","No Urbana Canoabo","VE090102"
"Venezuela","Venezuela","VE","Carabobo","Carabobo","VE09","Bejuma","Bejuma","VE0901","No Urbana Simón Bolívar","No Urbana Simón Bolívar","VE090103"
"Venezuela","Venezuela","VE","Carabobo","Carabobo","VE09","Carlos Arvelo","Carlos Arvelo","VE0902","No Urbana Guigue","No Urbana Guigue","VE090201"
"Venezuela","Venezuela","VE","Carabobo","Carabobo","VE09","Carlos Arvelo","Carlos Arvelo","VE0902","No Urbana Belen","No Urbana Belen","VE090202"
"Venezuela","Venezuela","VE","Carabobo","Carabobo","VE09","Carlos Arvelo","Carlos Arvelo","VE0902","No Urbana Tacarigua Central","No Urbana Tacarigua Central","VE090203"
"Venezuela","Venezuela","VE","Carabobo","Carabobo","VE09","Diego Ibarra","Diego Ibarra","VE0903","Urbana Aguas Calientes","Urbana Aguas Calientes","VE090301"
"Venezuela","Venezuela","VE","Carabobo","Carabobo","VE09","Diego Ibarra","Diego Ibarra","VE0903","Urbana Mariara","Urbana Mariara","VE090302"
"Venezuela","Venezuela","VE","Carabobo","Carabobo","VE09","Guacara","Guacara","VE0904","Urbana Ciudad Alianza","Urbana Ciudad Alianza","VE090401"
"Venezuela","Venezuela","VE","Carabobo","Carabobo","VE09","Guacara","Guacara","VE0904","Urbana Guacara","Urbana Guacara","VE090402"
"Venezuela","Venezuela","VE","Carabobo","Carabobo","VE09","Guacara","Guacara","VE0904","No Urbana Yagua","No Urbana Yagua","VE090403"
"Venezuela","Venezuela","VE","Carabobo","Carabobo","VE09","Mora","Mora","VE0905","Urbana Morón","Urbana Morón","VE090501"
"Venezuela","Venezuela","VE","Carabobo","Carabobo","VE09","Mora","Mora","VE0905","No Urbana Urama","No Urbana Urama","VE090502"
"Venezuela","Venezuela","VE","Carabobo","Carabobo","VE09","Libertador","Libertador","VE0906","Urbana Tocuyito","Urbana Tocuyito","VE090601"
"Venezuela","Venezuela","VE","Carabobo","Carabobo","VE09","Libertador","Libertador","VE0906","Urbana Independencia","Urbana Independencia","VE090602"
"Venezuela","Venezuela","VE","Carabobo","Carabobo","VE09","Los Guayos","Los Guayos","VE0907","Urbana los Guayos","Urbana los Guayos","VE090701"
"Venezuela","Venezuela","VE","Carabobo","Carabobo","VE09","Miranda","Miranda","VE0908","Urbana Miranda","Urbana Miranda","VE090801"
"Venezuela","Venezuela","VE","Carabobo","Carabobo","VE09","Montalbán","Montalbán","VE0909","Urbana Montalbán","Urbana Montalbán","VE090901"
"Venezuela","Venezuela","VE","Carabobo","Carabobo","VE09","Naguanagua","Naguanagua","VE0910","Urbana Naguanagua","Urbana Naguanagua","VE091001"
"Venezuela","Venezuela","VE","Carabobo","Carabobo","VE09","Puerto Cabello","Puerto Cabello","VE0911","Urbana Bartolomé Salom","Urbana Bartolomé Salom","VE091101"
"Venezuela","Venezuela","VE","Carabobo","Carabobo","VE09","Puerto Cabello","Puerto Cabello","VE0911","Urbana Democracia","Urbana Democracia","VE091102"
"Venezuela","Venezuela","VE","Carabobo","Carabobo","VE09","Puerto Cabello","Puerto Cabello","VE0911","Urbanafraternidad","Urbanafraternidad","VE091103"
"Venezuela","Venezuela","VE","Carabobo","Carabobo","VE09","Puerto Cabello","Puerto Cabello","VE0911","Urbana Goaigoaza","Urbana Goaigoaza","VE091104"
"Venezuela","Venezuela","VE","Carabobo","Carabobo","VE09","Puerto Cabello","Puerto Cabello","VE0911","Urbana Juan José Flores","Urbana Juan José Flores","VE091105"
"Venezuela","Venezuela","VE","Carabobo","Carabobo","VE09","Puerto Cabello","Puerto Cabello","VE0911","Urbana Unión","Urbana Unión","VE091106"
"Venezuela","Venezuela","VE","Carabobo","Carabobo","VE09","Puerto Cabello","Puerto Cabello","VE0911","No Urbana Borburata","No Urbana Borburata","VE091107"
"Venezuela","Venezuela","VE","Carabobo","Carabobo","VE09","Puerto Cabello","Puerto Cabello","VE0911","No Urbana Patanemo","No Urbana Patanemo","VE091108"
"Venezuela","Venezuela","VE","Carabobo","Carabobo","VE09","San Diego","San Diego","VE0912","Urbana San Diego","Urbana San Diego","VE091201"
"Venezuela","Venezuela","VE","Carabobo","Carabobo","VE09","San Joaquín","San Joaquín","VE0913","Urbana San Joaquín","Urbana San Joaquín","VE091301"
"Venezuela","Venezuela","VE","Carabobo","Carabobo","VE09","Valencia","Valencia","VE0914","Urbana Candelaria","Urbana Candelaria","VE091401"
"Venezuela","Venezuela","VE","Carabobo","Carabobo","VE09","Valencia","Valencia","VE0914","Urbana Catedral","Urbana Catedral","VE091402"
"Venezuela","Venezuela","VE","Carabobo","Carabobo","VE09","Valencia","Valencia","VE0914","Urbana el Socorro","Urbana el Socorro","VE091403"
"Venezuela","Venezuela","VE","Carabobo","Carabobo","VE09","Valencia","Valencia","VE0914","Urbana Miguel Peña","Urbana Miguel Peña","VE091404"
"Venezuela","Venezuela","VE","Carabobo","Carabobo","VE09","Valencia","Valencia","VE0914","Urbana Rafael Urdaneta","Urbana Rafael Urdaneta","VE091405"
"Venezuela","Venezuela","VE","Carabobo","Carabobo","VE09","Valencia","Valencia","VE0914","Urbana San Blas","Urbana San Blas","VE091406"
"Venezuela","Venezuela","VE","Carabobo","Carabobo","VE09","Valencia","Valencia","VE0914","Urbana San José","Urbana San José","VE091407"
"Venezuela","Venezuela","VE","Carabobo","Carabobo","VE09","Valencia","Valencia","VE0914","Urbana Santa Rosa","Urbana Santa Rosa","VE091408"
"Venezuela","Venezuela","VE","Carabobo","Carabobo","VE09","Valencia","Valencia","VE0914","No Urbana Negro Primero","No Urbana Negro Primero","VE091409"
"Venezuela","Venezuela","VE","Cojedes","Cojedes","VE10","Anzoátegui","Anzoátegui","VE1001","Cojedes","Cojedes","VE100101"
"Venezuela","Venezuela","VE","Cojedes","Cojedes","VE10","Anzoátegui","Anzoátegui","VE1001","Juan de Mata Suarez","Juan de Mata Suarez","VE100102"
"Venezuela","Venezuela","VE","Cojedes","Cojedes","VE10","Tinaquillo","Tinaquillo","VE1002","Tinaquillo","Tinaquillo","VE100201"
"Venezuela","Venezuela","VE","Cojedes","Cojedes","VE10","Girardot","Girardot","VE1003","El Baúl","El Baúl","VE100301"
"Venezuela","Venezuela","VE","Cojedes","Cojedes","VE10","Girardot","Girardot","VE1003","Sucre","Sucre","VE100302"
"Venezuela","Venezuela","VE","Cojedes","Cojedes","VE10","Lima Blanco","Lima Blanco","VE1004","Macapo","Macapo","VE100401"
"Venezuela","Venezuela","VE","Cojedes","Cojedes","VE10","Lima Blanco","Lima Blanco","VE1004","La Aguadita","La Aguadita","VE100402"
"Venezuela","Venezuela","VE","Cojedes","Cojedes","VE10","Pao de San Juan Bautista","Pao de San Juan Bautista","VE1005","El Pao","El Pao","VE100501"
"Venezuela","Venezuela","VE","Cojedes","Cojedes","VE10","Ricaurte","Ricaurte","VE1006","Libertad de Cojedes","Libertad de Cojedes","VE100601"
"Venezuela","Venezuela","VE","Cojedes","Cojedes","VE10","Ricaurte","Ricaurte","VE1006","El Amparo","El Amparo","VE100602"
"Venezuela","Venezuela","VE","Cojedes","Cojedes","VE10","Rómulo Gallegos","Rómulo Gallegos","VE1007","Rómulo Gallegos","Rómulo Gallegos","VE100701"
"Venezuela","Venezuela","VE","Cojedes","Cojedes","VE10","San Carlos","San Carlos","VE1008","San Carlos de Austria","San Carlos de Austria","VE100801"
"Venezuela","Venezuela","VE","Cojedes","Cojedes","VE10","San Carlos","San Carlos","VE1008","Juan Ángel Bravo","Juan Ángel Bravo","VE100802"
"Venezuela","Venezuela","VE","Cojedes","Cojedes","VE10","San Carlos","San Carlos","VE1008","Manuel Manrique","Manuel Manrique","VE100803"
"Venezuela","Venezuela","VE","Cojedes","Cojedes","VE10","Tinaco","Tinaco","VE1009","General En Jefe José Laurencio Silva","General En Jefe José Laurencio Silva","VE100901"
"Venezuela","Venezuela","VE","Delta Amacuro","Delta Amacuro","VE11","Antonio Díaz","Antonio Díaz","VE1101","Curiapo","Curiapo","VE110101"
"Venezuela","Venezuela","VE","Delta Amacuro","Delta Amacuro","VE11","Antonio Díaz","Antonio Díaz","VE1101","Almirante Luis Brión","Almirante Luis Brión","VE110102"
"Venezuela","Venezuela","VE","Delta Amacuro","Delta Amacuro","VE11","Antonio Díaz","Antonio Díaz","VE1101","Francisco Aniceto Lugo","Francisco Aniceto Lugo","VE110103"
"Venezuela","Venezuela","VE","Delta Amacuro","Delta Amacuro","VE11","Antonio Díaz","Antonio Díaz","VE1101","Manuel Renaud","Manuel Renaud","VE110104"
"Venezuela","Venezuela","VE","Delta Amacuro","Delta Amacuro","VE11","Antonio Díaz","Antonio Díaz","VE1101","Padre Barral","Padre Barral","VE110105"
"Venezuela","Venezuela","VE","Delta Amacuro","Delta Amacuro","VE11","Antonio Díaz","Antonio Díaz","VE1101","Santos de Abelgas","Santos de Abelgas","VE110106"
"Venezuela","Venezuela","VE","Delta Amacuro","Delta Amacuro","VE11","Casacoima","Casacoima","VE1102","Imataca","Imataca","VE110201"
"Venezuela","Venezuela","VE","Delta Amacuro","Delta Amacuro","VE11","Casacoima","Casacoima","VE1102","Cinco de Julio","Cinco de Julio","VE110202"
"Venezuela","Venezuela","VE","Delta Amacuro","Delta Amacuro","VE11","Casacoima","Casacoima","VE1102","Juan Bautista Arismendi","Juan Bautista Arismendi","VE110203"
"Venezuela","Venezuela","VE","Delta Amacuro","Delta Amacuro","VE11","Casacoima","Casacoima","VE1102","Manuel Piar","Manuel Piar","VE110204"
"Venezuela","Venezuela","VE","Delta Amacuro","Delta Amacuro","VE11","Casacoima","Casacoima","VE1102","Rómulo Gallegos","Rómulo Gallegos","VE110205"
"Venezuela","Venezuela","VE","Delta Amacuro","Delta Amacuro","VE11","Pedernales","Pedernales","VE1103","Pedernales","Pedernales","VE110301"
"Venezuela","Venezuela","VE","Delta Amacuro","Delta Amacuro","VE11","Pedernales","Pedernales","VE1103","Luis Beltrán Prieto Figueroa","Luis Beltrán Prieto Figueroa","VE110302"
"Venezuela","Venezuela","VE","Delta Amacuro","Delta Amacuro","VE11","Tucupita","Tucupita","VE1104","San José","San José","VE110401"
"Venezuela","Venezuela","VE","Delta Amacuro","Delta Amacuro","VE11","Tucupita","Tucupita","VE1104","José Vidal Marcano","José Vidal Marcano","VE110402"
"Venezuela","Venezuela","VE","Delta Amacuro","Delta Amacuro","VE11","Tucupita","Tucupita","VE1104","Juan Millán","Juan Millán","VE110403"
"Venezuela","Venezuela","VE","Delta Amacuro","Delta Amacuro","VE11","Tucupita","Tucupita","VE1104","Leonardo Ruiz Pineda","Leonardo Ruiz Pineda","VE110404"
"Venezuela","Venezuela","VE","Delta Amacuro","Delta Amacuro","VE11","Tucupita","Tucupita","VE1104","Mariscal Antonio José de Sucre","Mariscal Antonio José de Sucre","VE110405"
"Venezuela","Venezuela","VE","Delta Amacuro","Delta Amacuro","VE11","Tucupita","Tucupita","VE1104","Monseñor Argimiro García","Monseñor Argimiro García","VE110406"
"Venezuela","Venezuela","VE","Delta Amacuro","Delta Amacuro","VE11","Tucupita","Tucupita","VE1104","San Rafael","San Rafael","VE110407"
"Venezuela","Venezuela","VE","Delta Amacuro","Delta Amacuro","VE11","Tucupita","Tucupita","VE1104","Virgen del Valle","Virgen del Valle","VE110408"
"Venezuela","Venezuela","VE","Distrito Capital","Distrito Capital","VE12","Libertador","Libertador","VE1201","Altagracia","Altagracia","VE120101"
"Venezuela","Venezuela","VE","Distrito Capital","Distrito Capital","VE12","Libertador","Libertador","VE1201","Antimano","Antimano","VE120102"
"Venezuela","Venezuela","VE","Distrito Capital","Distrito Capital","VE12","Libertador","Libertador","VE1201","Candelaria","Candelaria","VE120103"
"Venezuela","Venezuela","VE","Distrito Capital","Distrito Capital","VE12","Libertador","Libertador","VE1201","Caricuao","Caricuao","VE120104"
"Venezuela","Venezuela","VE","Distrito Capital","Distrito Capital","VE12","Libertador","Libertador","VE1201","Catedral","Catedral","VE120105"
"Venezuela","Venezuela","VE","Distrito Capital","Distrito Capital","VE12","Libertador","Libertador","VE1201","Coche","Coche","VE120106"
"Venezuela","Venezuela","VE","Distrito Capital","Distrito Capital","VE12","Libertador","Libertador","VE1201","El Junquito","El Junquito","VE120107"
"Venezuela","Venezuela","VE","Distrito Capital","Distrito Capital","VE12","Libertador","Libertador","VE1201","El Paraíso","El Paraíso","VE120108"
"Venezuela","Venezuela","VE","Distrito Capital","Distrito Capital","VE12","Libertador","Libertador","VE1201","El Recreo","El Recreo","VE120109"
"Venezuela","Venezuela","VE","Distrito Capital","Distrito Capital","VE12","Libertador","Libertador","VE1201","El Valle","El Valle","VE120110"
"Venezuela","Venezuela","VE","Distrito Capital","Distrito Capital","VE12","Libertador","Libertador","VE1201","La Pastora","La Pastora","VE120111"
"Venezuela","Venezuela","VE","Distrito Capital","Distrito Capital","VE12","Libertador","Libertador","VE1201","La Vega","La Vega","VE120112"
"Venezuela","Venezuela","VE","Distrito Capital","Distrito Capital","VE12","Libertador","Libertador","VE1201","Macarao","Macarao","VE120113"
"Venezuela","Venezuela","VE","Distrito Capital","Distrito Capital","VE12","Libertador","Libertador","VE1201","San Agustín","San Agustín","VE120114"
"Venezuela","Venezuela","VE","Distrito Capital","Distrito Capital","VE12","Libertador","Libertador","VE1201","San Bernandino","San Bernandino","VE120115"
"Venezuela","Venezuela","VE","Distrito Capital","Distrito Capital","VE12","Libertador","Libertador","VE1201","San José","San José","VE120116"
"Venezuela","Venezuela","VE","Distrito Capital","Distrito Capital","VE12","Libertador","Libertador","VE1201","San Juan","San Juan","VE120117"
"Venezuela","Venezuela","VE","Distrito Capital","Distrito Capital","VE12","Libertador","Libertador","VE1201","San Pedro","San Pedro","VE120118"
"Venezuela","Venezuela","VE","Distrito Capital","Distrito Capital","VE12","Libertador","Libertador","VE1201","Santa Rosalía","Santa Rosalía","VE120119"
"Venezuela","Venezuela","VE","Distrito Capital","Distrito Capital","VE12","Libertador","Libertador","VE1201","Santa Teresa","Santa Teresa","VE120120"
"Venezuela","Venezuela","VE","Distrito Capital","Distrito Capital","VE12","Libertador","Libertador","VE1201","Sucre","Sucre","VE120121"
"Venezuela","Venezuela","VE","Distrito Capital","Distrito Capital","VE12","Libertador","Libertador","VE1201","23 de Enero","23 de Enero","VE120122"
"Venezuela","Venezuela","VE","Falcón","Falcón","VE13","Acosta","Acosta","VE1301","San Juan de los Cayos","San Juan de los Cayos","VE130101"
"Venezuela","Venezuela","VE","Falcón","Falcón","VE13","Acosta","Acosta","VE1301","Capadare","Capadare","VE130102"
"Venezuela","Venezuela","VE","Falcón","Falcón","VE13","Acosta","Acosta","VE1301","La Pastora","La Pastora","VE130103"
"Venezuela","Venezuela","VE","Falcón","Falcón","VE13","Acosta","Acosta","VE1301","Libertador","Libertador","VE130104"
"Venezuela","Venezuela","VE","Falcón","Falcón","VE13","Bolívar","Bolívar","VE1302","San Luis","San Luis","VE130201"
"Venezuela","Venezuela","VE","Falcón","Falcón","VE13","Bolívar","Bolívar","VE1302","Aracua","Aracua","VE130202"
"Venezuela","Venezuela","VE","Falcón","Falcón","VE13","Bolívar","Bolívar","VE1302","La Peña","La Peña","VE130203"
"Venezuela","Venezuela","VE","Falcón","Falcón","VE13","Buchivacoa","Buchivacoa","VE1303","Capatarida","Capatarida","VE130301"
"Venezuela","Venezuela","VE","Falcón","Falcón","VE13","Buchivacoa","Buchivacoa","VE1303","Bariro","Bariro","VE130302"
"Venezuela","Venezuela","VE","Falcón","Falcón","VE13","Buchivacoa","Buchivacoa","VE1303","Borojo","Borojo","VE130303"
"Venezuela","Venezuela","VE","Falcón","Falcón","VE13","Buchivacoa","Buchivacoa","VE1303","Guajiro","Guajiro","VE130304"
"Venezuela","Venezuela","VE","Falcón","Falcón","VE13","Buchivacoa","Buchivacoa","VE1303","Seque","Seque","VE130305"
"Venezuela","Venezuela","VE","Falcón","Falcón","VE13","Buchivacoa","Buchivacoa","VE1303","Zazarida","Zazarida","VE130306"
"Venezuela","Venezuela","VE","Falcón","Falcón","VE13","Carirubana","Carirubana","VE1304","Carirubana","Carirubana","VE130401"
"Venezuela","Venezuela","VE","Falcón","Falcón","VE13","Carirubana","Carirubana","VE1304","Norte","Norte","VE130402"
"Venezuela","Venezuela","VE","Falcón","Falcón","VE13","Carirubana","Carirubana","VE1304","Punta Cardón","Punta Cardón","VE130403"
"Venezuela","Venezuela","VE","Falcón","Falcón","VE13","Carirubana","Carirubana","VE1304","Santa Ana","Santa Ana","VE130404"
"Venezuela","Venezuela","VE","Falcón","Falcón","VE13","Colina","Colina","VE1305","La Vela de Coro","La Vela de Coro","VE130501"
"Venezuela","Venezuela","VE","Falcón","Falcón","VE13","Colina","Colina","VE1305","Acurigua","Acurigua","VE130502"
"Venezuela","Venezuela","VE","Falcón","Falcón","VE13","Colina","Colina","VE1305","Guaibacoa","Guaibacoa","VE130503"
"Venezuela","Venezuela","VE","Falcón","Falcón","VE13","Colina","Colina","VE1305","Las Calderas","Las Calderas","VE130504"
"Venezuela","Venezuela","VE","Falcón","Falcón","VE13","Colina","Colina","VE1305","Macoruca","Macoruca","VE130505"
"Venezuela","Venezuela","VE","Falcón","Falcón","VE13","Dabajuro","Dabajuro","VE1306","Dabajuro","Dabajuro","VE130601"
"Venezuela","Venezuela","VE","Falcón","Falcón","VE13","Democracia","Democracia","VE1307","Pedregal","Pedregal","VE130701"
"Venezuela","Venezuela","VE","Falcón","Falcón","VE13","Democracia","Democracia","VE1307","Agua Clara","Agua Clara","VE130702"
"Venezuela","Venezuela","VE","Falcón","Falcón","VE13","Democracia","Democracia","VE1307","Avaria","Avaria","VE130703"
"Venezuela","Venezuela","VE","Falcón","Falcón","VE13","Democracia","Democracia","VE1307","Piedra Grande","Piedra Grande","VE130704"
"Venezuela","Venezuela","VE","Falcón","Falcón","VE13","Democracia","Democracia","VE1307","Purureche","Purureche","VE130705"
"Venezuela","Venezuela","VE","Falcón","Falcón","VE13","Falcón","Falcón","VE1308","Pueblo Nuevo","Pueblo Nuevo","VE130801"
"Venezuela","Venezuela","VE","Falcón","Falcón","VE13","Falcón","Falcón","VE1308","Adicora","Adicora","VE130802"
"Venezuela","Venezuela","VE","Falcón","Falcón","VE13","Falcón","Falcón","VE1308","Baraived","Baraived","VE130803"
"Venezuela","Venezuela","VE","Falcón","Falcón","VE13","Falcón","Falcón","VE1308","Buena Vista","Buena Vista","VE130804"
"Venezuela","Venezuela","VE","Falcón","Falcón","VE13","Falcón","Falcón","VE1308","Jadacaquiva","Jadacaquiva","VE130805"
"Venezuela","Venezuela","VE","Falcón","Falcón","VE13","Falcón","Falcón","VE1308","Moruy","Moruy","VE130806"
"Venezuela","Venezuela","VE","Falcón","Falcón","VE13","Falcón","Falcón","VE1308","Adaure","Adaure","VE130807"
"Venezuela","Venezuela","VE","Falcón","Falcón","VE13","Falcón","Falcón","VE1308","El Hato","El Hato","VE130808"
"Venezuela","Venezuela","VE","Falcón","Falcón","VE13","Falcón","Falcón","VE1308","El Vinculo","El Vinculo","VE130809"
"Venezuela","Venezuela","VE","Falcón","Falcón","VE13","Federación","Federación","VE1309","Churuguara","Churuguara","VE130901"
"Venezuela","Venezuela","VE","Falcón","Falcón","VE13","Federación","Federación","VE1309","Agua Larga","Agua Larga","VE130902"
"Venezuela","Venezuela","VE","Falcón","Falcón","VE13","Federación","Federación","VE1309","El Paují","El Paují","VE130903"
"Venezuela","Venezuela","VE","Falcón","Falcón","VE13","Federación","Federación","VE1309","Independencia","Independencia","VE130904"
"Venezuela","Venezuela","VE","Falcón","Falcón","VE13","Federación","Federación","VE1309","Maparari","Maparari","VE130905"
"Venezuela","Venezuela","VE","Falcón","Falcón","VE13","Jacura","Jacura","VE1310","Jacura","Jacura","VE131001"
"Venezuela","Venezuela","VE","Falcón","Falcón","VE13","Jacura","Jacura","VE1310","Agua Linda","Agua Linda","VE131002"
"Venezuela","Venezuela","VE","Falcón","Falcón","VE13","Jacura","Jacura","VE1310","Araurima","Araurima","VE131003"
"Venezuela","Venezuela","VE","Falcón","Falcón","VE13","Los Taques","Los Taques","VE1311","Los Taques","Los Taques","VE131101"
"Venezuela","Venezuela","VE","Falcón","Falcón","VE13","Los Taques","Los Taques","VE1311","Judibana","Judibana","VE131102"
"Venezuela","Venezuela","VE","Falcón","Falcón","VE13","Manaure","Manaure","VE1312","Cacique Manaure","Cacique Manaure","VE131201"
"Venezuela","Venezuela","VE","Falcón","Falcón","VE13","Mauroa","Mauroa","VE1313","Mene de Mauroa","Mene de Mauroa","VE131301"
"Venezuela","Venezuela","VE","Falcón","Falcón","VE13","Mauroa","Mauroa","VE1313","Casigua","Casigua","VE131302"
"Venezuela","Venezuela","VE","Falcón","Falcón","VE13","Mauroa","Mauroa","VE1313","San Félix","San Félix","VE131303"
"Venezuela","Venezuela","VE","Falcón","Falcón","VE13","Miranda","Miranda","VE1314","San Antonio","San Antonio","VE131401"
"Venezuela","Venezuela","VE","Falcón","Falcón","VE13","Miranda","Miranda","VE1314","San Gabriel","San Gabriel","VE131402"
"Venezuela","Venezuela","VE","Falcón","Falcón","VE13","Miranda","Miranda","VE1314","Santa Ana","Santa Ana","VE131403"
"Venezuela","Venezuela","VE","Falcón","Falcón","VE13","Miranda","Miranda","VE1314","Guzmán Guillermo","Guzmán Guillermo","VE131404"
"Venezuela","Venezuela","VE","Falcón","Falcón","VE13","Miranda","Miranda","VE1314","Mitare","Mitare","VE131405"
"Venezuela","Venezuela","VE","Falcón","Falcón","VE13","Miranda","Miranda","VE1314","Rio Seco","Rio Seco","VE131406"
"Venezuela","Venezuela","VE","Falcón","Falcón","VE13","Miranda","Miranda","VE1314","Sabaneta","Sabaneta","VE131407"
"Venezuela","Venezuela","VE","Falcón","Falcón","VE13","Monseñor Iturriza","Monseñor Iturriza","VE1315","Chichiriviche","Chichiriviche","VE131501"
"Venezuela","Venezuela","VE","Falcón","Falcón","VE13","Monseñor Iturriza","Monseñor Iturriza","VE1315","Boca de Tocuyo","Boca de Tocuyo","VE131502"
"Venezuela","Venezuela","VE","Falcón","Falcón","VE13","Monseñor Iturriza","Monseñor Iturriza","VE1315","Tocuyo de la Costa","Tocuyo de la Costa","VE131503"
"Venezuela","Venezuela","VE","Falcón","Falcón","VE13","Palmasola","Palmasola","VE1316","Palmasola","Palmasola","VE131601"
"Venezuela","Venezuela","VE","Falcón","Falcón","VE13","Petit","Petit","VE1317","Cabure","Cabure","VE131701"
"Venezuela","Venezuela","VE","Falcón","Falcón","VE13","Petit","Petit","VE1317","Colina","Colina","VE131702"
"Venezuela","Venezuela","VE","Falcón","Falcón","VE13","Petit","Petit","VE1317","Curimagua","Curimagua","VE131703"
"Venezuela","Venezuela","VE","Falcón","Falcón","VE13","Píritu","Píritu","VE1318","Piritu","Piritu","VE131801"
"Venezuela","Venezuela","VE","Falcón","Falcón","VE13","Píritu","Píritu","VE1318","San José de la Costa","San José de la Costa","VE131802"
"Venezuela","Venezuela","VE","Falcón","Falcón","VE13","San Francisco","San Francisco","VE1319","San Francisco","San Francisco","VE131901"
"Venezuela","Venezuela","VE","Falcón","Falcón","VE13","Sucre","Sucre","VE1320","Sucre","Sucre","VE132001"
"Venezuela","Venezuela","VE","Falcón","Falcón","VE13","Sucre","Sucre","VE1320","Pecaya","Pecaya","VE132002"
"Venezuela","Venezuela","VE","Falcón","Falcón","VE13","Silva","Silva","VE1321","Tucacas","Tucacas","VE132101"
"Venezuela","Venezuela","VE","Falcón","Falcón","VE13","Silva","Silva","VE1321","Boca de Aroa","Boca de Aroa","VE132102"
"Venezuela","Venezuela","VE","Falcón","Falcón","VE13","Tocópero","Tocópero","VE1322","Tocopero","Tocopero","VE132201"
"Venezuela","Venezuela","VE","Falcón","Falcón","VE13","Unión","Unión","VE1323","Santa Cruz de Bucaral","Santa Cruz de Bucaral","VE132301"
"Venezuela","Venezuela","VE","Falcón","Falcón","VE13","Unión","Unión","VE1323","El Charal","El Charal","VE132302"
"Venezuela","Venezuela","VE","Falcón","Falcón","VE13","Unión","Unión","VE1323","Las Vegas Deltuy","Las Vegas Deltuy","VE132303"
"Venezuela","Venezuela","VE","Falcón","Falcón","VE13","Urumaco","Urumaco","VE1324","Urumaco","Urumaco","VE132401"
"Venezuela","Venezuela","VE","Falcón","Falcón","VE13","Urumaco","Urumaco","VE1324","Bruzual","Bruzual","VE132402"
"Venezuela","Venezuela","VE","Falcón","Falcón","VE13","Zamora","Zamora","VE1325","Puerto Cumarebo","Puerto Cumarebo","VE132501"
"Venezuela","Venezuela","VE","Falcón","Falcón","VE13","Zamora","Zamora","VE1325","La Ciénaga","La Ciénaga","VE132502"
"Venezuela","Venezuela","VE","Falcón","Falcón","VE13","Zamora","Zamora","VE1325","La Soledad","La Soledad","VE132503"
"Venezuela","Venezuela","VE","Falcón","Falcón","VE13","Zamora","Zamora","VE1325","Pueblo Cumarebo","Pueblo Cumarebo","VE132504"
"Venezuela","Venezuela","VE","Falcón","Falcón","VE13","Zamora","Zamora","VE1325","Zazarida","Zazarida","VE132505"
"Venezuela","Venezuela","VE","Guárico","Guárico","VE14","Camaguán","Camaguán","VE1401","Camaguan","Camaguan","VE140101"
"Venezuela","Venezuela","VE","Guárico","Guárico","VE14","Camaguán","Camaguán","VE1401","Puerto Miranda","Puerto Miranda","VE140102"
"Venezuela","Venezuela","VE","Guárico","Guárico","VE14","Camaguán","Camaguán","VE1401","Uverito","Uverito","VE140103"
"Venezuela","Venezuela","VE","Guárico","Guárico","VE14","Chaguaramas","Chaguaramas","VE1402","Chaguaramas","Chaguaramas","VE140201"
"Venezuela","Venezuela","VE","Guárico","Guárico","VE14","El Socorro","El Socorro","VE1403","El Socorro","El Socorro","VE140301"
"Venezuela","Venezuela","VE","Guárico","Guárico","VE14","Infante","Infante","VE1404","Capital Valle de la Pascua","Capital Valle de la Pascua","VE140401"
"Venezuela","Venezuela","VE","Guárico","Guárico","VE14","Infante","Infante","VE1404","Espino","Espino","VE140402"
"Venezuela","Venezuela","VE","Guárico","Guárico","VE14","Las Mercedes","Las Mercedes","VE1405","Capital las Mercedes","Capital las Mercedes","VE140501"
"Venezuela","Venezuela","VE","Guárico","Guárico","VE14","Las Mercedes","Las Mercedes","VE1405","Cabruta","Cabruta","VE140502"
"Venezuela","Venezuela","VE","Guárico","Guárico","VE14","Las Mercedes","Las Mercedes","VE1405","Santa Rita de Manapire","Santa Rita de Manapire","VE140503"
"Venezuela","Venezuela","VE","Guárico","Guárico","VE14","Mellado","Mellado","VE1406","Capital el Sombrero","Capital el Sombrero","VE140601"
"Venezuela","Venezuela","VE","Guárico","Guárico","VE14","Mellado","Mellado","VE1406","Sosa","Sosa","VE140602"
"Venezuela","Venezuela","VE","Guárico","Guárico","VE14","Miranda","Miranda","VE1407","Capital Calabozo","Capital Calabozo","VE140701"
"Venezuela","Venezuela","VE","Guárico","Guárico","VE14","Miranda","Miranda","VE1407","El Calvario","El Calvario","VE140702"
"Venezuela","Venezuela","VE","Guárico","Guárico","VE14","Miranda","Miranda","VE1407","El Rastro","El Rastro","VE140703"
"Venezuela","Venezuela","VE","Guárico","Guárico","VE14","Miranda","Miranda","VE1407","Guardatinajas","Guardatinajas","VE140704"
"Venezuela","Venezuela","VE","Guárico","Guárico","VE14","Monagas","Monagas","VE1408","Capital Altagracia de Orituco","Capital Altagracia de Orituco","VE140801"
"Venezuela","Venezuela","VE","Guárico","Guárico","VE14","Monagas","Monagas","VE1408","Lezama","Lezama","VE140802"
"Venezuela","Venezuela","VE","Guárico","Guárico","VE14","Monagas","Monagas","VE1408","Libertad de Orituco","Libertad de Orituco","VE140803"
"Venezuela","Venezuela","VE","Guárico","Guárico","VE14","Monagas","Monagas","VE1408","Paso Real de Macaira","Paso Real de Macaira","VE140804"
"Venezuela","Venezuela","VE","Guárico","Guárico","VE14","Monagas","Monagas","VE1408","San Francisco de Macaira","San Francisco de Macaira","VE140805"
"Venezuela","Venezuela","VE","Guárico","Guárico","VE14","Monagas","Monagas","VE1408","San Rafael de Orituco","San Rafael de Orituco","VE140806"
"Venezuela","Venezuela","VE","Guárico","Guárico","VE14","Monagas","Monagas","VE1408","Soublette","Soublette","VE140807"
"Venezuela","Venezuela","VE","Guárico","Guárico","VE14","Ortiz","Ortiz","VE1409","Capital Ortiz","Capital Ortiz","VE140901"
"Venezuela","Venezuela","VE","Guárico","Guárico","VE14","Ortiz","Ortiz","VE1409","San Francisco de Tiznados","San Francisco de Tiznados","VE140902"
"Venezuela","Venezuela","VE","Guárico","Guárico","VE14","Ortiz","Ortiz","VE1409","San José de Tiznados","San José de Tiznados","VE140903"
"Venezuela","Venezuela","VE","Guárico","Guárico","VE14","Ortiz","Ortiz","VE1409","San Lorenzo de Tiznados","San Lorenzo de Tiznados","VE140904"
"Venezuela","Venezuela","VE","Guárico","Guárico","VE14","Ribas","Ribas","VE1410","Capital Tucupido","Capital Tucupido","VE141001"
"Venezuela","Venezuela","VE","Guárico","Guárico","VE14","Ribas","Ribas","VE1410","San Rafael de Laya","San Rafael de Laya","VE141002"
"Venezuela","Venezuela","VE","Guárico","Guárico","VE14","Roscio","Roscio","VE1411","Capital San Juan de los Morros","Capital San Juan de los Morros","VE141101"
"Venezuela","Venezuela","VE","Guárico","Guárico","VE14","Roscio","Roscio","VE1411","Cantagallo","Cantagallo","VE141102"
"Venezuela","Venezuela","VE","Guárico","Guárico","VE14","Roscio","Roscio","VE1411","Parapara","Parapara","VE141103"
"Venezuela","Venezuela","VE","Guárico","Guárico","VE14","San Gerónimo de Guayabal","San Gerónimo de Guayabal","VE1412","Capital San Gerónimo de Guayabal","Capital San Gerónimo de Guayabal","VE141201"
"Venezuela","Venezuela","VE","Guárico","Guárico","VE14","San Gerónimo de Guayabal","San Gerónimo de Guayabal","VE1412","Cazorla","Cazorla","VE141202"
"Venezuela","Venezuela","VE","Guárico","Guárico","VE14","San José de Guaribe","San José de Guaribe","VE1413","San José de Guaribe","San José de Guaribe","VE141301"
"Venezuela","Venezuela","VE","Guárico","Guárico","VE14","Santa María de Ipire","Santa María de Ipire","VE1414","Capital Santa María de Ipire","Capital Santa María de Ipire","VE141401"
"Venezuela","Venezuela","VE","Guárico","Guárico","VE14","Santa María de Ipire","Santa María de Ipire","VE1414","Altamira","Altamira","VE141402"
"Venezuela","Venezuela","VE","Guárico","Guárico","VE14","Zaraza","Zaraza","VE1415","Capital Zaraza","Capital Zaraza","VE141501"
"Venezuela","Venezuela","VE","Guárico","Guárico","VE14","Zaraza","Zaraza","VE1415","San José de Unare","San José de Unare","VE141502"
"Venezuela","Venezuela","VE","La Guaira","La Guaira","VE15","Vargas","Vargas","VE1501","Caraballeda","Caraballeda","VE150101"
"Venezuela","Venezuela","VE","La Guaira","La Guaira","VE15","Vargas","Vargas","VE1501","Carayaca","Carayaca","VE150102"
"Venezuela","Venezuela","VE","La Guaira","La Guaira","VE15","Vargas","Vargas","VE1501","Caruao","Caruao","VE150103"
"Venezuela","Venezuela","VE","La Guaira","La Guaira","VE15","Vargas","Vargas","VE1501","Catia la Mar","Catia la Mar","VE150104"
"Venezuela","Venezuela","VE","La Guaira","La Guaira","VE15","Vargas","Vargas","VE1501","El Junko","El Junko","VE150105"
"Venezuela","Venezuela","VE","La Guaira","La Guaira","VE15","Vargas","Vargas","VE1501","La Guaira","La Guaira","VE150106"
"Venezuela","Venezuela","VE","La Guaira","La Guaira","VE15","Vargas","Vargas","VE1501","Macuto","Macuto","VE150107"
"Venezuela","Venezuela","VE","La Guaira","La Guaira","VE15","Vargas","Vargas","VE1501","Maiquetía","Maiquetía","VE150108"
"Venezuela","Venezuela","VE","La Guaira","La Guaira","VE15","Vargas","Vargas","VE1501","Naiguata","Naiguata","VE150109"
"Venezuela","Venezuela","VE","La Guaira","La Guaira","VE15","Vargas","Vargas","VE1501","Urimare","Urimare","VE150110"
"Venezuela","Venezuela","VE","La Guaira","La Guaira","VE15","Vargas","Vargas","VE1501","Carlos Soublette","Carlos Soublette","VE150111"
"Venezuela","Venezuela","VE","Lara","Lara","VE16","Andrés Eloy Blanco","Andrés Eloy Blanco","VE1601","Pio Tamayo","Pio Tamayo","VE160101"
"Venezuela","Venezuela","VE","Lara","Lara","VE16","Andrés Eloy Blanco","Andrés Eloy Blanco","VE1601","Quebrada Honda de Guache","Quebrada Honda de Guache","VE160102"
"Venezuela","Venezuela","VE","Lara","Lara","VE16","Andrés Eloy Blanco","Andrés Eloy Blanco","VE1601","Yacambu","Yacambu","VE160103"
"Venezuela","Venezuela","VE","Lara","Lara","VE16","Crespo","Crespo","VE1602","Freitez","Freitez","VE160201"
"Venezuela","Venezuela","VE","Lara","Lara","VE16","Crespo","Crespo","VE1602","José María Blanco","José María Blanco","VE160202"
"Venezuela","Venezuela","VE","Lara","Lara","VE16","Iribarren","Iribarren","VE1603","Catedral","Catedral","VE160301"
"Venezuela","Venezuela","VE","Lara","Lara","VE16","Iribarren","Iribarren","VE1603","Concepción","Concepción","VE160302"
"Venezuela","Venezuela","VE","Lara","Lara","VE16","Iribarren","Iribarren","VE1603","El Cují","El Cují","VE160303"
"Venezuela","Venezuela","VE","Lara","Lara","VE16","Iribarren","Iribarren","VE1603","Juan de Villegas","Juan de Villegas","VE160304"
"Venezuela","Venezuela","VE","Lara","Lara","VE16","Iribarren","Iribarren","VE1603","Santa Rosa","Santa Rosa","VE160305"
"Venezuela","Venezuela","VE","Lara","Lara","VE16","Iribarren","Iribarren","VE1603","Tamaca","Tamaca","VE160306"
"Venezuela","Venezuela","VE","Lara","Lara","VE16","Iribarren","Iribarren","VE1603","Unión","Unión","VE160307"
"Venezuela","Venezuela","VE","Lara","Lara","VE16","Iribarren","Iribarren","VE1603","Aguedo Felipe Alvarado","Aguedo Felipe Alvarado","VE160308"
"Venezuela","Venezuela","VE","Lara","Lara","VE16","Iribarren","Iribarren","VE1603","Buena Vista","Buena Vista","VE160309"
"Venezuela","Venezuela","VE","Lara","Lara","VE16","Iribarren","Iribarren","VE1603","Juárez","Juárez","VE160310"
"Venezuela","Venezuela","VE","Lara","Lara","VE16","Jiménez","Jiménez","VE1604","Juan Bautista Rodríguez","Juan Bautista Rodríguez","VE160401"
"Venezuela","Venezuela","VE","Lara","Lara","VE16","Jiménez","Jiménez","VE1604","Cuara","Cuara","VE160402"
"Venezuela","Venezuela","VE","Lara","Lara","VE16","Jiménez","Jiménez","VE1604","Diego de Lozada","Diego de Lozada","VE160403"
"Venezuela","Venezuela","VE","Lara","Lara","VE16","Jiménez","Jiménez","VE1604","Paraíso de San José","Paraíso de San José","VE160404"
"Venezuela","Venezuela","VE","Lara","Lara","VE16","Jiménez","Jiménez","VE1604","San Miguel","San Miguel","VE160405"
"Venezuela","Venezuela","VE","Lara","Lara","VE16","Jiménez","Jiménez","VE1604","Tintorero","Tintorero","VE160406"
"Venezuela","Venezuela","VE","Lara","Lara","VE16","Jiménez","Jiménez","VE1604","Cabo José Dorante","Cabo José Dorante","VE160407"
"Venezuela","Venezuela","VE","Lara","Lara","VE16","Jiménez","Jiménez","VE1604","Coronel Mariano Peraza","Coronel Mariano Peraza","VE160408"
"Venezuela","Venezuela","VE","Lara","Lara","VE16","Morán","Morán","VE1605","Bolívar","Bolívar","VE160501"
"Venezuela","Venezuela","VE","Lara","Lara","VE16","Morán","Morán","VE1605","Anzoátegui","Anzoátegui","VE160502"
"Venezuela","Venezuela","VE","Lara","Lara","VE16","Morán","Morán","VE1605","Guárico","Guárico","VE160503"
"Venezuela","Venezuela","VE","Lara","Lara","VE16","Morán","Morán","VE1605","Hilario Luna y Luna","Hilario Luna y Luna","VE160504"
"Venezuela","Venezuela","VE","Lara","Lara","VE16","Morán","Morán","VE1605","Humocaro Alto","Humocaro Alto","VE160505"
"Venezuela","Venezuela","VE","Lara","Lara","VE16","Morán","Morán","VE1605","Humocaro Bajo","Humocaro Bajo","VE160506"
"Venezuela","Venezuela","VE","Lara","Lara","VE16","Morán","Morán","VE1605","La Candelaria","La Candelaria","VE160507"
"Venezuela","Venezuela","VE","Lara","Lara","VE16","Morán","Morán","VE1605","Moran","Moran","VE160508"
"Venezuela","Venezuela","VE","Lara","Lara","VE16","Palavecino","Palavecino","VE1606","Cabudare","Cabudare","VE160601"
"Venezuela","Venezuela","VE","Lara","Lara","VE16","Palavecino","Palavecino","VE1606","José Gregorio Bastidas","José Gregorio Bastidas","VE160602"
"Venezuela","Venezuela","VE","Lara","Lara","VE16","Palavecino","Palavecino","VE1606","Agua Viva","Agua Viva","VE160603"
"Venezuela","Venezuela","VE","Lara","Lara","VE16","Simón Planas","Simón Planas","VE1607","Sarare","Sarare","VE160701"
"Venezuela","Venezuela","VE","Lara","Lara","VE16","Simón Planas","Simón Planas","VE1607","Buria","Buria","VE160702"
"Venezuela","Venezuela","VE","Lara","Lara","VE16","Simón Planas","Simón Planas","VE1607","Gustavo Vegas León","Gustavo Vegas León","VE160703"
"Venezuela","Venezuela","VE","Lara","Lara","VE16","Torres","Torres","VE1608","Trinidad Samuel","Trinidad Samuel","VE160801"
"Venezuela","Venezuela","VE","Lara","Lara","VE16","Torres","Torres","VE1608","Antonio Díaz","Antonio Díaz","VE160802"
"Venezuela","Venezuela","VE","Lara","Lara","VE16","Torres","Torres","VE1608","Reyes Vargas","Reyes Vargas","VE160803"
"Venezuela","Venezuela","VE","Lara","Lara","VE16","Torres","Torres","VE1608","Castañeda","Castañeda","VE160804"
"Venezuela","Venezuela","VE","Lara","Lara","VE16","Torres","Torres","VE1608","Cecilio Zubillaga","Cecilio Zubillaga","VE160805"
"Venezuela","Venezuela","VE","Lara","Lara","VE16","Torres","Torres","VE1608","Chiquinquira","Chiquinquira","VE160806"
"Venezuela","Venezuela","VE","Lara","Lara","VE16","Torres","Torres","VE1608","El Blanco","El Blanco","VE160807"
"Venezuela","Venezuela","VE","Lara","Lara","VE16","Torres","Torres","VE1608","Espinoza de los Monteros","Espinoza de los Monteros","VE160808"
"Venezuela","Venezuela","VE","Lara","Lara","VE16","Torres","Torres","VE1608","Lara","Lara","VE160809"
"Venezuela","Venezuela","VE","Lara","Lara","VE16","Torres","Torres","VE1608","Las Mercedes","Las Mercedes","VE160810"
"Venezuela","Venezuela","VE","Lara","Lara","VE16","Torres","Torres","VE1608","Manuel Morillo","Manuel Morillo","VE160811"
"Venezuela","Venezuela","VE","Lara","Lara","VE16","Torres","Torres","VE1608","Montaña Verde","Montaña Verde","VE160812"
"Venezuela","Venezuela","VE","Lara","Lara","VE16","Torres","Torres","VE1608","Montes de Oca","Montes de Oca","VE160813"
"Venezuela","Venezuela","VE","Lara","Lara","VE16","Torres","Torres","VE1608","Torres","Torres","VE160814"
"Venezuela","Venezuela","VE","Lara","Lara","VE16","Torres","Torres","VE1608","Camacaro","Camacaro","VE160816"
"Venezuela","Venezuela","VE","Lara","Lara","VE16","Torres","Torres","VE1608","Altagracia","Altagracia","VE160817"
"Venezuela","Venezuela","VE","Lara","Lara","VE16","Urdaneta","Urdaneta","VE1609","Siquisique","Siquisique","VE160901"
"Venezuela","Venezuela","VE","Lara","Lara","VE16","Urdaneta","Urdaneta","VE1609","Moroturo","Moroturo","VE160902"
"Venezuela","Venezuela","VE","Lara","Lara","VE16","Urdaneta","Urdaneta","VE1609","San Miguel","San Miguel","VE160903"
"Venezuela","Venezuela","VE","Lara","Lara","VE16","Urdaneta","Urdaneta","VE1609","Xaguas","Xaguas","VE160904"
"Venezuela","Venezuela","VE","Mérida","Mérida","VE17","Alberto Adriani","Alberto Adriani","VE1701","Presidente Betancourt","Presidente Betancourt","VE170101"
"Venezuela","Venezuela","VE","Mérida","Mérida","VE17","Alberto Adriani","Alberto Adriani","VE1701","Presidente Páez","Presidente Páez","VE170102"
"Venezuela","Venezuela","VE","Mérida","Mérida","VE17","Alberto Adriani","Alberto Adriani","VE1701","Presidente Rómulo Gallegos","Presidente Rómulo Gallegos","VE170103"
"Venezuela","Venezuela","VE","Mérida","Mérida","VE17","Alberto Adriani","Alberto Adriani","VE1701","Gabriel Picón González","Gabriel Picón González","VE170104"
"Venezuela","Venezuela","VE","Mérida","Mérida","VE17","Alberto Adriani","Alberto Adriani","VE1701","Héctor Amable Mora","Héctor Amable Mora","VE170105"
"Venezuela","Venezuela","VE","Mérida","Mérida","VE17","Alberto Adriani","Alberto Adriani","VE1701","José Nucete Sardi","José Nucete Sardi","VE170106"
"Venezuela","Venezuela","VE","Mérida","Mérida","VE17","Alberto Adriani","Alberto Adriani","VE1701","Pulido Méndez","Pulido Méndez","VE170107"
"Venezuela","Venezuela","VE","Mérida","Mérida","VE17","Andrés Bello","Andrés Bello","VE1702","Andrés Bello","Andrés Bello","VE170201"
"Venezuela","Venezuela","VE","Mérida","Mérida","VE17","Antonio Pinto Salinas","Antonio Pinto Salinas","VE1703","Capital Pinto Salinas","Capital Pinto Salinas","VE170301"
"Venezuela","Venezuela","VE","Mérida","Mérida","VE17","Antonio Pinto Salinas","Antonio Pinto Salinas","VE1703","Mesa de Bolívar","Mesa de Bolívar","VE170302"
"Venezuela","Venezuela","VE","Mérida","Mérida","VE17","Antonio Pinto Salinas","Antonio Pinto Salinas","VE1703","Mesa de las Palmas","Mesa de las Palmas","VE170303"
"Venezuela","Venezuela","VE","Mérida","Mérida","VE17","Aricagua","Aricagua","VE1704","Capital Aricagua","Capital Aricagua","VE170401"
"Venezuela","Venezuela","VE","Mérida","Mérida","VE17","Aricagua","Aricagua","VE1704","San Antonio","San Antonio","VE170402"
"Venezuela","Venezuela","VE","Mérida","Mérida","VE17","Arzobispo Chacón","Arzobispo Chacón","VE1705","Capital Arzobispo Chacón","Capital Arzobispo Chacón","VE170501"
"Venezuela","Venezuela","VE","Mérida","Mérida","VE17","Arzobispo Chacón","Arzobispo Chacón","VE1705","Capuri","Capuri","VE170502"
"Venezuela","Venezuela","VE","Mérida","Mérida","VE17","Arzobispo Chacón","Arzobispo Chacón","VE1705","Chacanta","Chacanta","VE170503"
"Venezuela","Venezuela","VE","Mérida","Mérida","VE17","Arzobispo Chacón","Arzobispo Chacón","VE1705","El Molino","El Molino","VE170504"
"Venezuela","Venezuela","VE","Mérida","Mérida","VE17","Arzobispo Chacón","Arzobispo Chacón","VE1705","Guaimaral","Guaimaral","VE170505"
"Venezuela","Venezuela","VE","Mérida","Mérida","VE17","Arzobispo Chacón","Arzobispo Chacón","VE1705","Mucutuy","Mucutuy","VE170506"
"Venezuela","Venezuela","VE","Mérida","Mérida","VE17","Arzobispo Chacón","Arzobispo Chacón","VE1705","Mucuchachi","Mucuchachi","VE170507"
"Venezuela","Venezuela","VE","Mérida","Mérida","VE17","Campo Elías","Campo Elías","VE1706","Fernández Peña","Fernández Peña","VE170601"
"Venezuela","Venezuela","VE","Mérida","Mérida","VE17","Campo Elías","Campo Elías","VE1706","Matriz","Matriz","VE170602"
"Venezuela","Venezuela","VE","Mérida","Mérida","VE17","Campo Elías","Campo Elías","VE1706","Montalbán","Montalbán","VE170603"
"Venezuela","Venezuela","VE","Mérida","Mérida","VE17","Campo Elías","Campo Elías","VE1706","Acequias","Acequias","VE170604"
"Venezuela","Venezuela","VE","Mérida","Mérida","VE17","Campo Elías","Campo Elías","VE1706","Jaji","Jaji","VE170605"
"Venezuela","Venezuela","VE","Mérida","Mérida","VE17","Campo Elías","Campo Elías","VE1706","La Mesa","La Mesa","VE170606"
"Venezuela","Venezuela","VE","Mérida","Mérida","VE17","Campo Elías","Campo Elías","VE1706","San José del Sur","San José del Sur","VE170607"
"Venezuela","Venezuela","VE","Mérida","Mérida","VE17","Caracciolo Parra Olmedo","Caracciolo Parra Olmedo","VE1707","Capital Caracciolo Parra Olmedo","Capital Caracciolo Parra Olmedo","VE170701"
"Venezuela","Venezuela","VE","Mérida","Mérida","VE17","Caracciolo Parra Olmedo","Caracciolo Parra Olmedo","VE1707","Florencio Ramírez","Florencio Ramírez","VE170702"
"Venezuela","Venezuela","VE","Mérida","Mérida","VE17","Cardenal Quintero","Cardenal Quintero","VE1708","Capital Cardenal Quintero","Capital Cardenal Quintero","VE170801"
"Venezuela","Venezuela","VE","Mérida","Mérida","VE17","Cardenal Quintero","Cardenal Quintero","VE1708","Las Piedras","Las Piedras","VE170802"
"Venezuela","Venezuela","VE","Mérida","Mérida","VE17","Guaraque","Guaraque","VE1709","Capital Guaraque","Capital Guaraque","VE170901"
"Venezuela","Venezuela","VE","Mérida","Mérida","VE17","Guaraque","Guaraque","VE1709","Mesa de Quintero","Mesa de Quintero","VE170902"
"Venezuela","Venezuela","VE","Mérida","Mérida","VE17","Guaraque","Guaraque","VE1709","Rio Negro","Rio Negro","VE170903"
"Venezuela","Venezuela","VE","Mérida","Mérida","VE17","Julio César Salas","Julio César Salas","VE1710","Palmira","Palmira","VE171002"
"Venezuela","Venezuela","VE","Mérida","Mérida","VE17","Justo Briceño","Justo Briceño","VE1711","Capital Justo Briceño","Capital Justo Briceño","VE171101"
"Venezuela","Venezuela","VE","Mérida","Mérida","VE17","Justo Briceño","Justo Briceño","VE1711","San Cristóbal de Torondoy","San Cristóbal de Torondoy","VE171102"
"Venezuela","Venezuela","VE","Mérida","Mérida","VE17","Libertador","Libertador","VE1712","Antonio Spinetti Dini","Antonio Spinetti Dini","VE171201"
"Venezuela","Venezuela","VE","Mérida","Mérida","VE17","Libertador","Libertador","VE1712","Arias","Arias","VE171202"
"Venezuela","Venezuela","VE","Mérida","Mérida","VE17","Libertador","Libertador","VE1712","Caracciolo Parra Perez","Caracciolo Parra Perez","VE171203"
"Venezuela","Venezuela","VE","Mérida","Mérida","VE17","Libertador","Libertador","VE1712","Domingo Peña","Domingo Peña","VE171204"
"Venezuela","Venezuela","VE","Mérida","Mérida","VE17","Libertador","Libertador","VE1712","El Llano","El Llano","VE171205"
"Venezuela","Venezuela","VE","Mérida","Mérida","VE17","Libertador","Libertador","VE1712","Gonzalo Picón Febres","Gonzalo Picón Febres","VE171206"
"Venezuela","Venezuela","VE","Mérida","Mérida","VE17","Libertador","Libertador","VE1712","Jacinto Plaza","Jacinto Plaza","VE171207"
"Venezuela","Venezuela","VE","Mérida","Mérida","VE17","Libertador","Libertador","VE1712","Juan Rodríguez Suarez","Juan Rodríguez Suarez","VE171208"
"Venezuela","Venezuela","VE","Mérida","Mérida","VE17","Libertador","Libertador","VE1712","Lasso de la Vega","Lasso de la Vega","VE171209"
"Venezuela","Venezuela","VE","Mérida","Mérida","VE17","Libertador","Libertador","VE1712","Mariano Picón Salas","Mariano Picón Salas","VE171210"
"Venezuela","Venezuela","VE","Mérida","Mérida","VE17","Libertador","Libertador","VE1712","Milla","Milla","VE171211"
"Venezuela","Venezuela","VE","Mérida","Mérida","VE17","Libertador","Libertador","VE1712","Osuna Rodríguez","Osuna Rodríguez","VE171212"
"Venezuela","Venezuela","VE","Mérida","Mérida","VE17","Libertador","Libertador","VE1712","Sagrario","Sagrario","VE171213"
"Venezuela","Venezuela","VE","Mérida","Mérida","VE17","Libertador","Libertador","VE1712","El Morro","El Morro","VE171214"
"Venezuela","Venezuela","VE","Mérida","Mérida","VE17","Libertador","Libertador","VE1712","Los Nevados","Los Nevados","VE171215"
"Venezuela","Venezuela","VE","Mérida","Mérida","VE17","Miranda","Miranda","VE1713","Capital Miranda","Capital Miranda","VE171301"
"Venezuela","Venezuela","VE","Mérida","Mérida","VE17","Miranda","Miranda","VE1713","Andrés Eloy Blanco","Andrés Eloy Blanco","VE171302"
"Venezuela","Venezuela","VE","Mérida","Mérida","VE17","Miranda","Miranda","VE1713","La Venta","La Venta","VE171303"
"Venezuela","Venezuela","VE","Mérida","Mérida","VE17","Miranda","Miranda","VE1713","Piñango","Piñango","VE171304"
"Venezuela","Venezuela","VE","Mérida","Mérida","VE17","Obispo Ramos de Lora","Obispo Ramos de Lora","VE1714","Capital Obispo Ramos de Lora","Capital Obispo Ramos de Lora","VE171401"
"Venezuela","Venezuela","VE","Mérida","Mérida","VE17","Obispo Ramos de Lora","Obispo Ramos de Lora","VE1714","Eloy Paredes","Eloy Paredes","VE171402"
"Venezuela","Venezuela","VE","Mérida","Mérida","VE17","Obispo Ramos de Lora","Obispo Ramos de Lora","VE1714","San Rafael de Alcázar","San Rafael de Alcázar","VE171403"
"Venezuela","Venezuela","VE","Mérida","Mérida","VE17","Padre Noguera","Padre Noguera","VE1715","Padre Noguera","Padre Noguera","VE171501"
"Venezuela","Venezuela","VE","Mérida","Mérida","VE17","Pueblo Llano","Pueblo Llano","VE1716","Pueblo Llano","Pueblo Llano","VE171601"
"Venezuela","Venezuela","VE","Mérida","Mérida","VE17","Rangel","Rangel","VE1717","Capital Rangel","Capital Rangel","VE171701"
"Venezuela","Venezuela","VE","Mérida","Mérida","VE17","Rangel","Rangel","VE1717","Cacute","Cacute","VE171702"
"Venezuela","Venezuela","VE","Mérida","Mérida","VE17","Rangel","Rangel","VE1717","La Toma","La Toma","VE171703"
"Venezuela","Venezuela","VE","Mérida","Mérida","VE17","Rangel","Rangel","VE1717","Mucuruba","Mucuruba","VE171704"
"Venezuela","Venezuela","VE","Mérida","Mérida","VE17","Rangel","Rangel","VE1717","San Rafael","San Rafael","VE171705"
"Venezuela","Venezuela","VE","Mérida","Mérida","VE17","Rivas Dávila","Rivas Dávila","VE1718","Capital Rivas Dávila","Capital Rivas Dávila","VE171801"
"Venezuela","Venezuela","VE","Mérida","Mérida","VE17","Rivas Dávila","Rivas Dávila","VE1718","Gerónimo Maldonado","Gerónimo Maldonado","VE171802"
"Venezuela","Venezuela","VE","Mérida","Mérida","VE17","Santos Marquina","Santos Marquina","VE1719","Santos Marquina","Santos Marquina","VE171901"
"Venezuela","Venezuela","VE","Mérida","Mérida","VE17","Sucre","Sucre","VE1720","Capital Sucre","Capital Sucre","VE172001"
"Venezuela","Venezuela","VE","Mérida","Mérida","VE17","Sucre","Sucre","VE1720","Chiguara","Chiguara","VE172002"
"Venezuela","Venezuela","VE","Mérida","Mérida","VE17","Sucre","Sucre","VE1720","Estanquez","Estanquez","VE172003"
"Venezuela","Venezuela","VE","Mérida","Mérida","VE17","Sucre","Sucre","VE1720","La Trampa","La Trampa","VE172004"
"Venezuela","Venezuela","VE","Mérida","Mérida","VE17","Sucre","Sucre","VE1720","Pueblo Nuevo del Sur","Pueblo Nuevo del Sur","VE172005"
"Venezuela","Venezuela","VE","Mérida","Mérida","VE17","Sucre","Sucre","VE1720","San Juan","San Juan","VE172006"
"Venezuela","Venezuela","VE","Mérida","Mérida","VE17","Tovar","Tovar","VE1721","El Amparo","El Amparo","VE172101"
"Venezuela","Venezuela","VE","Mérida","Mérida","VE17","Tovar","Tovar","VE1721","El Llano","El Llano","VE172102"
"Venezuela","Venezuela","VE","Mérida","Mérida","VE17","Tovar","Tovar","VE1721","San Francisco","San Francisco","VE172103"
"Venezuela","Venezuela","VE","Mérida","Mérida","VE17","Tovar","Tovar","VE1721","Tovar","Tovar","VE172104"
"Venezuela","Venezuela","VE","Mérida","Mérida","VE17","Tulio Febres Cordero","Tulio Febres Cordero","VE1722","Capital Tulio Febres Cordero","Capital Tulio Febres Cordero","VE172201"
"Venezuela","Venezuela","VE","Mérida","Mérida","VE17","Tulio Febres Cordero","Tulio Febres Cordero","VE1722","Independencia","Independencia","VE172202"
"Venezuela","Venezuela","VE","Mérida","Mérida","VE17","Tulio Febres Cordero","Tulio Febres Cordero","VE1722","María de la Concepción Palacios Blanco","María de la Concepción Palacios Blanco","VE172203"
"Venezuela","Venezuela","VE","Mérida","Mérida","VE17","Tulio Febres Cordero","Tulio Febres Cordero","VE1722","Santa Apolonia","Santa Apolonia","VE172204"
"Venezuela","Venezuela","VE","Mérida","Mérida","VE17","Zea","Zea","VE1723","Capital Zea","Capital Zea","VE172301"
"Venezuela","Venezuela","VE","Mérida","Mérida","VE17","Zea","Zea","VE1723","Caño el Tigre","Caño el Tigre","VE172302"
"Venezuela","Venezuela","VE","Miranda","Miranda","VE18","Acevedo","Acevedo","VE1801","Caucagua","Caucagua","VE180101"
"Venezuela","Venezuela","VE","Miranda","Miranda","VE18","Acevedo","Acevedo","VE1801","Araguita","Araguita","VE180102"
"Venezuela","Venezuela","VE","Miranda","Miranda","VE18","Acevedo","Acevedo","VE1801","Arévalo González","Arévalo González","VE180103"
"Venezuela","Venezuela","VE","Miranda","Miranda","VE18","Acevedo","Acevedo","VE1801","Capaya","Capaya","VE180104"
"Venezuela","Venezuela","VE","Miranda","Miranda","VE18","Acevedo","Acevedo","VE1801","El Café","El Café","VE180105"
"Venezuela","Venezuela","VE","Miranda","Miranda","VE18","Acevedo","Acevedo","VE1801","Marizapa","Marizapa","VE180106"
"Venezuela","Venezuela","VE","Miranda","Miranda","VE18","Acevedo","Acevedo","VE1801","Panaquire","Panaquire","VE180107"
"Venezuela","Venezuela","VE","Miranda","Miranda","VE18","Acevedo","Acevedo","VE1801","Ribas","Ribas","VE180108"
"Venezuela","Venezuela","VE","Miranda","Miranda","VE18","Andrés Bello","Andrés Bello","VE1802","San José de Barlovento","San José de Barlovento","VE180201"
"Venezuela","Venezuela","VE","Miranda","Miranda","VE18","Andrés Bello","Andrés Bello","VE1802","Cumbo","Cumbo","VE180202"
"Venezuela","Venezuela","VE","Miranda","Miranda","VE18","Baruta","Baruta","VE1803","Nuestra Señora del Rosario de Baruta","Nuestra Señora del Rosario de Baruta","VE180301"
"Venezuela","Venezuela","VE","Miranda","Miranda","VE18","Baruta","Baruta","VE1803","El Cafetal","El Cafetal","VE180302"
"Venezuela","Venezuela","VE","Miranda","Miranda","VE18","Baruta","Baruta","VE1803","Las Minas de Baruta","Las Minas de Baruta","VE180303"
"Venezuela","Venezuela","VE","Miranda","Miranda","VE18","Brión","Brión","VE1804","Higuerote","Higuerote","VE180401"
"Venezuela","Venezuela","VE","Miranda","Miranda","VE18","Brión","Brión","VE1804","Curiepe","Curiepe","VE180402"
"Venezuela","Venezuela","VE","Miranda","Miranda","VE18","Brión","Brión","VE1804","Tacarigua","Tacarigua","VE180403"
"Venezuela","Venezuela","VE","Miranda","Miranda","VE18","Buroz","Buroz","VE1805","Mamporal","Mamporal","VE180501"
"Venezuela","Venezuela","VE","Miranda","Miranda","VE18","Carrizal","Carrizal","VE1806","Carrizal","Carrizal","VE180601"
"Venezuela","Venezuela","VE","Miranda","Miranda","VE18","Chacao","Chacao","VE1807","Chacao","Chacao","VE180701"
"Venezuela","Venezuela","VE","Miranda","Miranda","VE18","Cristóbal Rojas","Cristóbal Rojas","VE1808","Charallave","Charallave","VE180801"
"Venezuela","Venezuela","VE","Miranda","Miranda","VE18","Cristóbal Rojas","Cristóbal Rojas","VE1808","Las Brisas","Las Brisas","VE180802"
"Venezuela","Venezuela","VE","Miranda","Miranda","VE18","El Hatillo","El Hatillo","VE1809","El Hatillo","El Hatillo","VE180901"
"Venezuela","Venezuela","VE","Miranda","Miranda","VE18","Guaicaipuro","Guaicaipuro","VE1810","Los Teques","Los Teques","VE181001"
"Venezuela","Venezuela","VE","Miranda","Miranda","VE18","Guaicaipuro","Guaicaipuro","VE1810","Altagracia de la Montaña","Altagracia de la Montaña","VE181002"
"Venezuela","Venezuela","VE","Miranda","Miranda","VE18","Guaicaipuro","Guaicaipuro","VE1810","Cecilio Acosta","Cecilio Acosta","VE181003"
"Venezuela","Venezuela","VE","Miranda","Miranda","VE18","Guaicaipuro","Guaicaipuro","VE1810","El Jarillo","El Jarillo","VE181004"
"Venezuela","Venezuela","VE","Miranda","Miranda","VE18","Guaicaipuro","Guaicaipuro","VE1810","Paracotos","Paracotos","VE181005"
"Venezuela","Venezuela","VE","Miranda","Miranda","VE18","Guaicaipuro","Guaicaipuro","VE1810","San Pedro","San Pedro","VE181006"
"Venezuela","Venezuela","VE","Miranda","Miranda","VE18","Guaicaipuro","Guaicaipuro","VE1810","Tacata","Tacata","VE181007"
"Venezuela","Venezuela","VE","Miranda","Miranda","VE18","Independencia","Independencia","VE1811","Santa Teresa del Tuy","Santa Teresa del Tuy","VE181101"
"Venezuela","Venezuela","VE","Miranda","Miranda","VE18","Independencia","Independencia","VE1811","El Cartanal","El Cartanal","VE181102"
"Venezuela","Venezuela","VE","Miranda","Miranda","VE18","Lander","Lander","VE1812","Ocumare del Tuy","Ocumare del Tuy","VE181201"
"Venezuela","Venezuela","VE","Miranda","Miranda","VE18","Lander","Lander","VE1812","La Democracia","La Democracia","VE181202"
"Venezuela","Venezuela","VE","Miranda","Miranda","VE18","Lander","Lander","VE1812","Santa Barbará","Santa Barbará","VE181203"
"Venezuela","Venezuela","VE","Miranda","Miranda","VE18","Los Salias","Los Salias","VE1813","San Antonio de los Altos","San Antonio de los Altos","VE181301"
"Venezuela","Venezuela","VE","Miranda","Miranda","VE18","Páez","Páez","VE1814","Rio Chico","Rio Chico","VE181401"
"Venezuela","Venezuela","VE","Miranda","Miranda","VE18","Páez","Páez","VE1814","El Guapo","El Guapo","VE181402"
"Venezuela","Venezuela","VE","Miranda","Miranda","VE18","Páez","Páez","VE1814","Tacarigua de la Laguna","Tacarigua de la Laguna","VE181403"
"Venezuela","Venezuela","VE","Miranda","Miranda","VE18","Páez","Páez","VE1814","Páparo","Páparo","VE181404"
"Venezuela","Venezuela","VE","Miranda","Miranda","VE18","Páez","Páez","VE1814","San Fernando del Guapo","San Fernando del Guapo","VE181405"
"Venezuela","Venezuela","VE","Miranda","Miranda","VE18","Paz Castillo","Paz Castillo","VE1815","Santa Lucia","Santa Lucia","VE181501"
"Venezuela","Venezuela","VE","Miranda","Miranda","VE18","Pedro Gual","Pedro Gual","VE1816","Cupira","Cupira","VE181601"
"Venezuela","Venezuela","VE","Miranda","Miranda","VE18","Pedro Gual","Pedro Gual","VE1816","Machurucuto","Machurucuto","VE181602"
"Venezuela","Venezuela","VE","Miranda","Miranda","VE18","Plaza","Plaza","VE1817","Guarenas","Guarenas","VE181701"
"Venezuela","Venezuela","VE","Miranda","Miranda","VE18","Simón Bolívar","Simón Bolívar","VE1818","San Francisco de Yare","San Francisco de Yare","VE181801"
"Venezuela","Venezuela","VE","Miranda","Miranda","VE18","Simón Bolívar","Simón Bolívar","VE1818","San Antonio de Yare","San Antonio de Yare","VE181802"
"Venezuela","Venezuela","VE","Miranda","Miranda","VE18","Sucre","Sucre","VE1819","Petare","Petare","VE181901"
"Venezuela","Venezuela","VE","Miranda","Miranda","VE18","Sucre","Sucre","VE1819","Caucaguita","Caucaguita","VE181902"
"Venezuela","Venezuela","VE","Miranda","Miranda","VE18","Sucre","Sucre","VE1819","Filas de Mariches","Filas de Mariches","VE181903"
"Venezuela","Venezuela","VE","Miranda","Miranda","VE18","Sucre","Sucre","VE1819","La Dolorita","La Dolorita","VE181904"
"Venezuela","Venezuela","VE","Miranda","Miranda","VE18","Sucre","Sucre","VE1819","Leoncio Martínez","Leoncio Martínez","VE181905"
"Venezuela","Venezuela","VE","Miranda","Miranda","VE18","Urdaneta","Urdaneta","VE1820","Cua","Cua","VE182001"
"Venezuela","Venezuela","VE","Miranda","Miranda","VE18","Urdaneta","Urdaneta","VE1820","Nueva Cua","Nueva Cua","VE182002"
"Venezuela","Venezuela","VE","Miranda","Miranda","VE18","Zamora","Zamora","VE1821","Guatire","Guatire","VE182101"
"Venezuela","Venezuela","VE","Miranda","Miranda","VE18","Zamora","Zamora","VE1821","Bolívar","Bolívar","VE182102"
"Venezuela","Venezuela","VE","Monagas","Monagas","VE19","Acosta","Acosta","VE1901","Capital Acosta","Capital Acosta","VE190101"
"Venezuela","Venezuela","VE","Monagas","Monagas","VE19","Acosta","Acosta","VE1901","San Francisco","San Francisco","VE190102"
"Venezuela","Venezuela","VE","Monagas","Monagas","VE19","Aguasay","Aguasay","VE1902","Aguasay","Aguasay","VE190201"
"Venezuela","Venezuela","VE","Monagas","Monagas","VE19","Bolívar","Bolívar","VE1903","Bolívar","Bolívar","VE190301"
"Venezuela","Venezuela","VE","Monagas","Monagas","VE19","Caripe","Caripe","VE1904","Capital Caripe","Capital Caripe","VE190401"
"Venezuela","Venezuela","VE","Monagas","Monagas","VE19","Caripe","Caripe","VE1904","El Guácharo","El Guácharo","VE190402"
"Venezuela","Venezuela","VE","Monagas","Monagas","VE19","Caripe","Caripe","VE1904","La Guanota","La Guanota","VE190403"
"Venezuela","Venezuela","VE","Monagas","Monagas","VE19","Caripe","Caripe","VE1904","Sabana de Piedra","Sabana de Piedra","VE190404"
"Venezuela","Venezuela","VE","Monagas","Monagas","VE19","Caripe","Caripe","VE1904","San Agustín","San Agustín","VE190405"
"Venezuela","Venezuela","VE","Monagas","Monagas","VE19","Caripe","Caripe","VE1904","Teresen","Teresen","VE190406"
"Venezuela","Venezuela","VE","Monagas","Monagas","VE19","Cedeño","Cedeño","VE1905","Capital Cedeño","Capital Cedeño","VE190501"
"Venezuela","Venezuela","VE","Monagas","Monagas","VE19","Cedeño","Cedeño","VE1905","Areo","Areo","VE190502"
"Venezuela","Venezuela","VE","Monagas","Monagas","VE19","Cedeño","Cedeño","VE1905","San Félix","San Félix","VE190503"
"Venezuela","Venezuela","VE","Monagas","Monagas","VE19","Cedeño","Cedeño","VE1905","Viento Fresco","Viento Fresco","VE190504"
"Venezuela","Venezuela","VE","Monagas","Monagas","VE19","Ezequiel Zamora","Ezequiel Zamora","VE1906","Capital Ezequiel Zamora","Capital Ezequiel Zamora","VE190601"
"Venezuela","Venezuela","VE","Monagas","Monagas","VE19","Ezequiel Zamora","Ezequiel Zamora","VE1906","El Tejero","El Tejero","VE190602"
"Venezuela","Venezuela","VE","Monagas","Monagas","VE19","Libertador","Libertador","VE1907","Capital Libertador","Capital Libertador","VE190701"
"Venezuela","Venezuela","VE","Monagas","Monagas","VE19","Libertador","Libertador","VE1907","Chaguaramas","Chaguaramas","VE190702"
"Venezuela","Venezuela","VE","Monagas","Monagas","VE19","Libertador","Libertador","VE1907","Las Alhuacas","Las Alhuacas","VE190703"
"Venezuela","Venezuela","VE","Monagas","Monagas","VE19","Libertador","Libertador","VE1907","Tabasca","Tabasca","VE190704"
"Venezuela","Venezuela","VE","Monagas","Monagas","VE19","Maturín","Maturín","VE1908","Capital Maturín","Capital Maturín","VE190801"
"Venezuela","Venezuela","VE","Monagas","Monagas","VE19","Maturín","Maturín","VE1908","Alto de los Godos","Alto de los Godos","VE190802"
"Venezuela","Venezuela","VE","Monagas","Monagas","VE19","Maturín","Maturín","VE1908","Boquerón","Boquerón","VE190803"
"Venezuela","Venezuela","VE","Monagas","Monagas","VE19","Maturín","Maturín","VE1908","Las Cocuizas","Las Cocuizas","VE190804"
"Venezuela","Venezuela","VE","Monagas","Monagas","VE19","Maturín","Maturín","VE1908","San Simón","San Simón","VE190805"
"Venezuela","Venezuela","VE","Monagas","Monagas","VE19","Maturín","Maturín","VE1908","Santa Cruz","Santa Cruz","VE190806"
"Venezuela","Venezuela","VE","Monagas","Monagas","VE19","Maturín","Maturín","VE1908","El Corozo","El Corozo","VE190807"
"Venezuela","Venezuela","VE","Monagas","Monagas","VE19","Maturín","Maturín","VE1908","El Furrial","El Furrial","VE190808"
"Venezuela","Venezuela","VE","Monagas","Monagas","VE19","Maturín","Maturín","VE1908","Jusepín","Jusepín","VE190809"
"Venezuela","Venezuela","VE","Monagas","Monagas","VE19","Maturín","Maturín","VE1908","La Pica","La Pica","VE190810"
"Venezuela","Venezuela","VE","Monagas","Monagas","VE19","Maturín","Maturín","VE1908","San Vicente","San Vicente","VE190811"
"Venezuela","Venezuela","VE","Monagas","Monagas","VE19","Piar","Piar","VE1909","Capital Piar","Capital Piar","VE190901"
"Venezuela","Venezuela","VE","Monagas","Monagas","VE19","Piar","Piar","VE1909","Aparicio","Aparicio","VE190902"
"Venezuela","Venezuela","VE","Monagas","Monagas","VE19","Piar","Piar","VE1909","Chaguaramal","Chaguaramal","VE190903"
"Venezuela","Venezuela","VE","Monagas","Monagas","VE19","Piar","Piar","VE1909","El Pinto","El Pinto","VE190904"
"Venezuela","Venezuela","VE","Monagas","Monagas","VE19","Piar","Piar","VE1909","Guanaguana","Guanaguana","VE190905"
"Venezuela","Venezuela","VE","Monagas","Monagas","VE19","Piar","Piar","VE1909","La Toscana","La Toscana","VE190906"
"Venezuela","Venezuela","VE","Monagas","Monagas","VE19","Piar","Piar","VE1909","Taguaya","Taguaya","VE190907"
"Venezuela","Venezuela","VE","Monagas","Monagas","VE19","Punceres","Punceres","VE1910","Capital Punceres","Capital Punceres","VE191001"
"Venezuela","Venezuela","VE","Monagas","Monagas","VE19","Punceres","Punceres","VE1910","Cachipo","Cachipo","VE191002"
"Venezuela","Venezuela","VE","Monagas","Monagas","VE19","Santa Bárbara","Santa Bárbara","VE1911","Santa Barbará","Santa Barbará","VE191101"
"Venezuela","Venezuela","VE","Monagas","Monagas","VE19","Sotillo","Sotillo","VE1912","Capital Sotillo","Capital Sotillo","VE191201"
"Venezuela","Venezuela","VE","Monagas","Monagas","VE19","Sotillo","Sotillo","VE1912","Los Barrancos de Fajardo","Los Barrancos de Fajardo","VE191202"
"Venezuela","Venezuela","VE","Monagas","Monagas","VE19","Uracoa","Uracoa","VE1913","Uracoa","Uracoa","VE191301"
"Venezuela","Venezuela","VE","Nueva Esparta","Nueva Esparta","VE20","Antolín del Campo","Antolín del Campo","VE2001","Capital Antolín del Campo","Capital Antolín del Campo","VE200101"
"Venezuela","Venezuela","VE","Nueva Esparta","Nueva Esparta","VE20","Arismendi","Arismendi","VE2002","Capital Arismendi","Capital Arismendi","VE200201"
"Venezuela","Venezuela","VE","Nueva Esparta","Nueva Esparta","VE20","Díaz","Díaz","VE2003","Capital Díaz","Capital Díaz","VE200301"
"Venezuela","Venezuela","VE","Nueva Esparta","Nueva Esparta","VE20","Díaz","Díaz","VE2003","Zabala","Zabala","VE200302"
"Venezuela","Venezuela","VE","Nueva Esparta","Nueva Esparta","VE20","García","García","VE2004","Capital García","Capital García","VE200401"
"Venezuela","Venezuela","VE","Nueva Esparta","Nueva Esparta","VE20","García","García","VE2004","Francisco Fajardo","Francisco Fajardo","VE200402"
"Venezuela","Venezuela","VE","Nueva Esparta","Nueva Esparta","VE20","Gómez","Gómez","VE2005","Capital Gómez","Capital Gómez","VE200501"
"Venezuela","Venezuela","VE","Nueva Esparta","Nueva Esparta","VE20","Gómez","Gómez","VE2005","Bolívar","Bolívar","VE200502"
"Venezuela","Venezuela","VE","Nueva Esparta","Nueva Esparta","VE20","Gómez","Gómez","VE2005","Guevara","Guevara","VE200503"
"Venezuela","Venezuela","VE","Nueva Esparta","Nueva Esparta","VE20","Gómez","Gómez","VE2005","Matasiete","Matasiete","VE200504"
"Venezuela","Venezuela","VE","Nueva Esparta","Nueva Esparta","VE20","Gómez","Gómez","VE2005","Sucre","Sucre","VE200505"
"Venezuela","Venezuela","VE","Nueva Esparta","Nueva Esparta","VE20","Maneiro","Maneiro","VE2006","Capital Maneiro","Capital Maneiro","VE200601"
"Venezuela","Venezuela","VE","Nueva Esparta","Nueva Esparta","VE20","Maneiro","Maneiro","VE2006","Aguirre","Aguirre","VE200602"
"Venezuela","Venezuela","VE","Nueva Esparta","Nueva Esparta","VE20","Marcano","Marcano","VE2007","Capital Marcano","Capital Marcano","VE200701"
"Venezuela","Venezuela","VE","Nueva Esparta","Nueva Esparta","VE20","Marcano","Marcano","VE2007","Adrian","Adrian","VE200702"
"Venezuela","Venezuela","VE","Nueva Esparta","Nueva Esparta","VE20","Mariño","Mariño","VE2008","Capital Mariño","Capital Mariño","VE200801"
"Venezuela","Venezuela","VE","Nueva Esparta","Nueva Esparta","VE20","Península de Macanao","Península de Macanao","VE2009","Capital Península de Macanao","Capital Península de Macanao","VE200901"
"Venezuela","Venezuela","VE","Nueva Esparta","Nueva Esparta","VE20","Península de Macanao","Península de Macanao","VE2009","San Francisco","San Francisco","VE200902"
"Venezuela","Venezuela","VE","Nueva Esparta","Nueva Esparta","VE20","Tubores","Tubores","VE2010","Capital Tubores","Capital Tubores","VE201001"
"Venezuela","Venezuela","VE","Nueva Esparta","Nueva Esparta","VE20","Tubores","Tubores","VE2010","Los Barales","Los Barales","VE201002"
"Venezuela","Venezuela","VE","Nueva Esparta","Nueva Esparta","VE20","Villalba","Villalba","VE2011","Capital Villalba","Capital Villalba","VE201101"
"Venezuela","Venezuela","VE","Nueva Esparta","Nueva Esparta","VE20","Villalba","Villalba","VE2011","Vicente Fuentes","Vicente Fuentes","VE201102"
"Venezuela","Venezuela","VE","Portuguesa","Portuguesa","VE21","Agua Blanca","Agua Blanca","VE2101","Capital Agua Blanca","Capital Agua Blanca","VE210101"
"Venezuela","Venezuela","VE","Portuguesa","Portuguesa","VE21","Araure","Araure","VE2102","Capital Araure","Capital Araure","VE210201"
"Venezuela","Venezuela","VE","Portuguesa","Portuguesa","VE21","Araure","Araure","VE2102","Rio Acarigua","Rio Acarigua","VE210202"
"Venezuela","Venezuela","VE","Portuguesa","Portuguesa","VE21","Esteller","Esteller","VE2103","Capital Esteller","Capital Esteller","VE210301"
"Venezuela","Venezuela","VE","Portuguesa","Portuguesa","VE21","Esteller","Esteller","VE2103","Uveral","Uveral","VE210302"
"Venezuela","Venezuela","VE","Portuguesa","Portuguesa","VE21","Guanare","Guanare","VE2104","Capital Guanare","Capital Guanare","VE210401"
"Venezuela","Venezuela","VE","Portuguesa","Portuguesa","VE21","Guanare","Guanare","VE2104","Córdoba","Córdoba","VE210402"
"Venezuela","Venezuela","VE","Portuguesa","Portuguesa","VE21","Guanare","Guanare","VE2104","San José de la Montaña","San José de la Montaña","VE210403"
"Venezuela","Venezuela","VE","Portuguesa","Portuguesa","VE21","Guanare","Guanare","VE2104","San Juan de Guanaguanare","San Juan de Guanaguanare","VE210404"
"Venezuela","Venezuela","VE","Portuguesa","Portuguesa","VE21","Guanare","Guanare","VE2104","Virgen de la Coromoto","Virgen de la Coromoto","VE210405"
"Venezuela","Venezuela","VE","Portuguesa","Portuguesa","VE21","Guanarito","Guanarito","VE2105","Capital Guanarito","Capital Guanarito","VE210501"
"Venezuela","Venezuela","VE","Portuguesa","Portuguesa","VE21","Guanarito","Guanarito","VE2105","Trinidad de la Capilla","Trinidad de la Capilla","VE210502"
"Venezuela","Venezuela","VE","Portuguesa","Portuguesa","VE21","Guanarito","Guanarito","VE2105","Divina Pastora","Divina Pastora","VE210503"
"Venezuela","Venezuela","VE","Portuguesa","Portuguesa","VE21","Monseñor José Vicente de Unda","Monseñor José Vicente de Unda","VE2106","Capital Monseñor José Vicente de Unda","Capital Monseñor José Vicente de Unda","VE210601"
"Venezuela","Venezuela","VE","Portuguesa","Portuguesa","VE21","Monseñor José Vicente de Unda","Monseñor José Vicente de Unda","VE2106","Peña Blanca","Peña Blanca","VE210602"
"Venezuela","Venezuela","VE","Portuguesa","Portuguesa","VE21","Ospino","Ospino","VE2107","Capital Ospino","Capital Ospino","VE210701"
"Venezuela","Venezuela","VE","Portuguesa","Portuguesa","VE21","Ospino","Ospino","VE2107","Aparición","Aparición","VE210702"
"Venezuela","Venezuela","VE","Portuguesa","Portuguesa","VE21","Ospino","Ospino","VE2107","La Estación","La Estación","VE210703"
"Venezuela","Venezuela","VE","Portuguesa","Portuguesa","VE21","Páez","Páez","VE2108","Capital Páez","Capital Páez","VE210801"
"Venezuela","Venezuela","VE","Portuguesa","Portuguesa","VE21","Páez","Páez","VE2108","Payara","Payara","VE210802"
"Venezuela","Venezuela","VE","Portuguesa","Portuguesa","VE21","Páez","Páez","VE2108","Pimpinela","Pimpinela","VE210803"
"Venezuela","Venezuela","VE","Portuguesa","Portuguesa","VE21","Páez","Páez","VE2108","Ramón Peraza","Ramón Peraza","VE210804"
"Venezuela","Venezuela","VE","Portuguesa","Portuguesa","VE21","Papelón","Papelón","VE2109","Capital Papelón","Capital Papelón","VE210901"
"Venezuela","Venezuela","VE","Portuguesa","Portuguesa","VE21","Papelón","Papelón","VE2109","Caño Delgadito","Caño Delgadito","VE210902"
"Venezuela","Venezuela","VE","Portuguesa","Portuguesa","VE21","San Genaro de Boconoíto","San Genaro de Boconoíto","VE2110","Capital San Genaro de Boconoito","Capital San Genaro de Boconoito","VE211001"
"Venezuela","Venezuela","VE","Portuguesa","Portuguesa","VE21","San Genaro de Boconoíto","San Genaro de Boconoíto","VE2110","Antolín Tovar Aquino","Antolín Tovar Aquino","VE211002"
"Venezuela","Venezuela","VE","Portuguesa","Portuguesa","VE21","San Rafael de Onoto","San Rafael de Onoto","VE2111","Capital San Rafael de Onoto","Capital San Rafael de Onoto","VE211101"
"Venezuela","Venezuela","VE","Portuguesa","Portuguesa","VE21","San Rafael de Onoto","San Rafael de Onoto","VE2111","Santa Fe","Santa Fe","VE211102"
"Venezuela","Venezuela","VE","Portuguesa","Portuguesa","VE21","San Rafael de Onoto","San Rafael de Onoto","VE2111","Thermo Morles","Thermo Morles","VE211103"
"Venezuela","Venezuela","VE","Portuguesa","Portuguesa","VE21","Santa Rosalía","Santa Rosalía","VE2112","Capital Santa Rosalía","Capital Santa Rosalía","VE211201"
"Venezuela","Venezuela","VE","Portuguesa","Portuguesa","VE21","Santa Rosalía","Santa Rosalía","VE2112","Florida","Florida","VE211202"
"Venezuela","Venezuela","VE","Portuguesa","Portuguesa","VE21","Sucre","Sucre","VE2113","Capital Sucre","Capital Sucre","VE211301"
"Venezuela","Venezuela","VE","Portuguesa","Portuguesa","VE21","Sucre","Sucre","VE2113","Concepción","Concepción","VE211302"
"Venezuela","Venezuela","VE","Portuguesa","Portuguesa","VE21","Sucre","Sucre","VE2113","San Rafael de Palo Alzado","San Rafael de Palo Alzado","VE211303"
"Venezuela","Venezuela","VE","Portuguesa","Portuguesa","VE21","Sucre","Sucre","VE2113","Uvencio Antonio Velásquez","Uvencio Antonio Velásquez","VE211304"
"Venezuela","Venezuela","VE","Portuguesa","Portuguesa","VE21","Sucre","Sucre","VE2113","San José de Saguaz","San José de Saguaz","VE211305"
"Venezuela","Venezuela","VE","Portuguesa","Portuguesa","VE21","Sucre","Sucre","VE2113","Villa Rosa","Villa Rosa","VE211306"
"Venezuela","Venezuela","VE","Portuguesa","Portuguesa","VE21","Turén","Turén","VE2114","Capital Turén","Capital Turén","VE211401"
"Venezuela","Venezuela","VE","Portuguesa","Portuguesa","VE21","Turén","Turén","VE2114","Canelones","Canelones","VE211402"
"Venezuela","Venezuela","VE","Portuguesa","Portuguesa","VE21","Turén","Turén","VE2114","Santa Cruz","Santa Cruz","VE211403"
"Venezuela","Venezuela","VE","Portuguesa","Portuguesa","VE21","Turén","Turén","VE2114","San Isidro Labrador","San Isidro Labrador","VE211404"
"Venezuela","Venezuela","VE","Sucre","Sucre","VE22","Andrés Eloy Blanco","Andrés Eloy Blanco","VE2201","Mariño","Mariño","VE220101"
"Venezuela","Venezuela","VE","Sucre","Sucre","VE22","Andrés Eloy Blanco","Andrés Eloy Blanco","VE2201","Rómulo Gallegos","Rómulo Gallegos","VE220102"
"Venezuela","Venezuela","VE","Sucre","Sucre","VE22","Andrés Mata","Andrés Mata","VE2202","San José de Aerocuar","San José de Aerocuar","VE220201"
"Venezuela","Venezuela","VE","Sucre","Sucre","VE22","Andrés Mata","Andrés Mata","VE2202","Tavera Acosta","Tavera Acosta","VE220202"
"Venezuela","Venezuela","VE","Sucre","Sucre","VE22","Arismendi","Arismendi","VE2203","Rio Caribe","Rio Caribe","VE220301"
"Venezuela","Venezuela","VE","Sucre","Sucre","VE22","Arismendi","Arismendi","VE2203","Antonio José de Sucre","Antonio José de Sucre","VE220302"
"Venezuela","Venezuela","VE","Sucre","Sucre","VE22","Arismendi","Arismendi","VE2203","El Morro de Puerto Santo","El Morro de Puerto Santo","VE220303"
"Venezuela","Venezuela","VE","Sucre","Sucre","VE22","Arismendi","Arismendi","VE2203","Puerto Santo","Puerto Santo","VE220304"
"Venezuela","Venezuela","VE","Sucre","Sucre","VE22","Arismendi","Arismendi","VE2203","San Juan de las Galdonas","San Juan de las Galdonas","VE220305"
"Venezuela","Venezuela","VE","Sucre","Sucre","VE22","Benítez","Benítez","VE2204","El Pilar","El Pilar","VE220401"
"Venezuela","Venezuela","VE","Sucre","Sucre","VE22","Benítez","Benítez","VE2204","El Rincón","El Rincón","VE220402"
"Venezuela","Venezuela","VE","Sucre","Sucre","VE22","Benítez","Benítez","VE2204","General Francisco Antonio Vásquez","General Francisco Antonio Vásquez","VE220403"
"Venezuela","Venezuela","VE","Sucre","Sucre","VE22","Benítez","Benítez","VE2204","Guaraunos","Guaraunos","VE220404"
"Venezuela","Venezuela","VE","Sucre","Sucre","VE22","Benítez","Benítez","VE2204","Tunapuicito","Tunapuicito","VE220405"
"Venezuela","Venezuela","VE","Sucre","Sucre","VE22","Benítez","Benítez","VE2204","Unión","Unión","VE220406"
"Venezuela","Venezuela","VE","Sucre","Sucre","VE22","Bermúdez","Bermúdez","VE2205","Bolívar","Bolívar","VE220501"
"Venezuela","Venezuela","VE","Sucre","Sucre","VE22","Bermúdez","Bermúdez","VE2205","Macarapana","Macarapana","VE220502"
"Venezuela","Venezuela","VE","Sucre","Sucre","VE22","Bermúdez","Bermúdez","VE2205","Santa Catalina","Santa Catalina","VE220503"
"Venezuela","Venezuela","VE","Sucre","Sucre","VE22","Bermúdez","Bermúdez","VE2205","Santa Rosa","Santa Rosa","VE220504"
"Venezuela","Venezuela","VE","Sucre","Sucre","VE22","Bermúdez","Bermúdez","VE2205","Santa Teresa","Santa Teresa","VE220505"
"Venezuela","Venezuela","VE","Sucre","Sucre","VE22","Bolívar","Bolívar","VE2206","Capital Bolívar","Capital Bolívar","VE220601"
"Venezuela","Venezuela","VE","Sucre","Sucre","VE22","Cajigal","Cajigal","VE2207","Yaguaraparo","Yaguaraparo","VE220701"
"Venezuela","Venezuela","VE","Sucre","Sucre","VE22","Cajigal","Cajigal","VE2207","El Paujil","El Paujil","VE220702"
"Venezuela","Venezuela","VE","Sucre","Sucre","VE22","Cajigal","Cajigal","VE2207","Libertad","Libertad","VE220703"
"Venezuela","Venezuela","VE","Sucre","Sucre","VE22","Cruz Salmerón Acosta","Cruz Salmerón Acosta","VE2208","Araya","Araya","VE220801"
"Venezuela","Venezuela","VE","Sucre","Sucre","VE22","Cruz Salmerón Acosta","Cruz Salmerón Acosta","VE2208","Chacopata","Chacopata","VE220802"
"Venezuela","Venezuela","VE","Sucre","Sucre","VE22","Cruz Salmerón Acosta","Cruz Salmerón Acosta","VE2208","Manicuare","Manicuare","VE220803"
"Venezuela","Venezuela","VE","Sucre","Sucre","VE22","Libertador","Libertador","VE2209","Tunapuy","Tunapuy","VE220901"
"Venezuela","Venezuela","VE","Sucre","Sucre","VE22","Libertador","Libertador","VE2209","Campo Elías","Campo Elías","VE220902"
"Venezuela","Venezuela","VE","Sucre","Sucre","VE22","Mariño","Mariño","VE2210","Irapa","Irapa","VE221001"
"Venezuela","Venezuela","VE","Sucre","Sucre","VE22","Mariño","Mariño","VE2210","Campo Claro","Campo Claro","VE221002"
"Venezuela","Venezuela","VE","Sucre","Sucre","VE22","Mariño","Mariño","VE2210","Marabal","Marabal","VE221003"
"Venezuela","Venezuela","VE","Sucre","Sucre","VE22","Mariño","Mariño","VE2210","San Antonio de Irapa","San Antonio de Irapa","VE221004"
"Venezuela","Venezuela","VE","Sucre","Sucre","VE22","Mariño","Mariño","VE2210","Soro","Soro","VE221005"
"Venezuela","Venezuela","VE","Sucre","Sucre","VE22","Mejía","Mejía","VE2211","Capital Mejía","Capital Mejía","VE221101"
"Venezuela","Venezuela","VE","Sucre","Sucre","VE22","Montes","Montes","VE2212","Cumanacoa","Cumanacoa","VE221201"
"Venezuela","Venezuela","VE","Sucre","Sucre","VE22","Montes","Montes","VE2212","Arenas","Arenas","VE221202"
"Venezuela","Venezuela","VE","Sucre","Sucre","VE22","Montes","Montes","VE2212","Aricagua","Aricagua","VE221203"
"Venezuela","Venezuela","VE","Sucre","Sucre","VE22","Montes","Montes","VE2212","Cocollar","Cocollar","VE221204"
"Venezuela","Venezuela","VE","Sucre","Sucre","VE22","Montes","Montes","VE2212","San Fernando","San Fernando","VE221205"
"Venezuela","Venezuela","VE","Sucre","Sucre","VE22","Montes","Montes","VE2212","San Lorenzo","San Lorenzo","VE221206"
"Venezuela","Venezuela","VE","Sucre","Sucre","VE22","Ribero","Ribero","VE2213","Cariaco","Cariaco","VE221301"
"Venezuela","Venezuela","VE","Sucre","Sucre","VE22","Ribero","Ribero","VE2213","Catuaro","Catuaro","VE221302"
"Venezuela","Venezuela","VE","Sucre","Sucre","VE22","Ribero","Ribero","VE2213","Rendón","Rendón","VE221303"
"Venezuela","Venezuela","VE","Sucre","Sucre","VE22","Ribero","Ribero","VE2213","Santa Cruz","Santa Cruz","VE221304"
"Venezuela","Venezuela","VE","Sucre","Sucre","VE22","Ribero","Ribero","VE2213","Santa María","Santa María","VE221305"
"Venezuela","Venezuela","VE","Sucre","Sucre","VE22","Sucre","Sucre","VE2214","Altagracia","Altagracia","VE221401"
"Venezuela","Venezuela","VE","Sucre","Sucre","VE22","Sucre","Sucre","VE2214","Ayacucho","Ayacucho","VE221402"
"Venezuela","Venezuela","VE","Sucre","Sucre","VE22","Sucre","Sucre","VE2214","Santa Inés","Santa Inés","VE221403"
"Venezuela","Venezuela","VE","Sucre","Sucre","VE22","Sucre","Sucre","VE2214","Valentín Valiente","Valentín Valiente","VE221404"
"Venezuela","Venezuela","VE","Sucre","Sucre","VE22","Sucre","Sucre","VE2214","San Juan","San Juan","VE221405"
"Venezuela","Venezuela","VE","Sucre","Sucre","VE22","Sucre","Sucre","VE2214","Raúl Leoni los Puertos de Santa Fé","Raúl Leoni los Puertos de Santa Fé","VE221406"
"Venezuela","Venezuela","VE","Sucre","Sucre","VE22","Sucre","Sucre","VE2214","Gran Mariscal los Altos de Sucre","Gran Mariscal los Altos de Sucre","VE221407"
"Venezuela","Venezuela","VE","Sucre","Sucre","VE22","Valdez","Valdez","VE2215","Guiria","Guiria","VE221501"
"Venezuela","Venezuela","VE","Sucre","Sucre","VE22","Valdez","Valdez","VE2215","Bideau","Bideau","VE221502"
"Venezuela","Venezuela","VE","Sucre","Sucre","VE22","Valdez","Valdez","VE2215","Cristóbal Colon","Cristóbal Colon","VE221503"
"Venezuela","Venezuela","VE","Sucre","Sucre","VE22","Valdez","Valdez","VE2215","Punta de Piedras","Punta de Piedras","VE221504"
"Venezuela","Venezuela","VE","Trujillo","Trujillo","VE23","Andrés Bello","Andrés Bello","VE2301","Santa Isabel","Santa Isabel","VE230101"
"Venezuela","Venezuela","VE","Trujillo","Trujillo","VE23","Andrés Bello","Andrés Bello","VE2301","Araguaney","Araguaney","VE230102"
"Venezuela","Venezuela","VE","Trujillo","Trujillo","VE23","Andrés Bello","Andrés Bello","VE2301","El Jaguito","El Jaguito","VE230103"
"Venezuela","Venezuela","VE","Trujillo","Trujillo","VE23","Andrés Bello","Andrés Bello","VE2301","La Esperanza","La Esperanza","VE230104"
"Venezuela","Venezuela","VE","Trujillo","Trujillo","VE23","Boconó","Boconó","VE2302","Bocono","Bocono","VE230201"
"Venezuela","Venezuela","VE","Trujillo","Trujillo","VE23","Boconó","Boconó","VE2302","El Carmen","El Carmen","VE230202"
"Venezuela","Venezuela","VE","Trujillo","Trujillo","VE23","Boconó","Boconó","VE2302","Mosquey","Mosquey","VE230203"
"Venezuela","Venezuela","VE","Trujillo","Trujillo","VE23","Boconó","Boconó","VE2302","Ayacucho","Ayacucho","VE230204"
"Venezuela","Venezuela","VE","Trujillo","Trujillo","VE23","Boconó","Boconó","VE2302","Burbusay","Burbusay","VE230205"
"Venezuela","Venezuela","VE","Trujillo","Trujillo","VE23","Boconó","Boconó","VE2302","General Rivas","General Rivas","VE230206"
"Venezuela","Venezuela","VE","Trujillo","Trujillo","VE23","Boconó","Boconó","VE2302","Guaramacal","Guaramacal","VE230207"
"Venezuela","Venezuela","VE","Trujillo","Trujillo","VE23","Boconó","Boconó","VE2302","Vega de Guaramacal","Vega de Guaramacal","VE230208"
"Venezuela","Venezuela","VE","Trujillo","Trujillo","VE23","Boconó","Boconó","VE2302","Monseñor Jáuregui","Monseñor Jáuregui","VE230209"
"Venezuela","Venezuela","VE","Trujillo","Trujillo","VE23","Boconó","Boconó","VE2302","Rafael Rangel","Rafael Rangel","VE230210"
"Venezuela","Venezuela","VE","Trujillo","Trujillo","VE23","Boconó","Boconó","VE2302","San Miguel","San Miguel","VE230211"
"Venezuela","Venezuela","VE","Trujillo","Trujillo","VE23","Boconó","Boconó","VE2302","San José","San José","VE230212"
"Venezuela","Venezuela","VE","Trujillo","Trujillo","VE23","Bolívar","Bolívar","VE2303","Sabana Grande","Sabana Grande","VE230301"
"Venezuela","Venezuela","VE","Trujillo","Trujillo","VE23","Bolívar","Bolívar","VE2303","Cheregue","Cheregue","VE230302"
"Venezuela","Venezuela","VE","Trujillo","Trujillo","VE23","Bolívar","Bolívar","VE2303","Granados","Granados","VE230303"
"Venezuela","Venezuela","VE","Trujillo","Trujillo","VE23","Candelaria","Candelaria","VE2304","Chejende","Chejende","VE230401"
"Venezuela","Venezuela","VE","Trujillo","Trujillo","VE23","Candelaria","Candelaria","VE2304","Arnoldo Gabaldon","Arnoldo Gabaldon","VE230402"
"Venezuela","Venezuela","VE","Trujillo","Trujillo","VE23","Candelaria","Candelaria","VE2304","Bolivia","Bolivia","VE230403"
"Venezuela","Venezuela","VE","Trujillo","Trujillo","VE23","Candelaria","Candelaria","VE2304","Carrillo","Carrillo","VE230404"
"Venezuela","Venezuela","VE","Trujillo","Trujillo","VE23","Candelaria","Candelaria","VE2304","Cegarra","Cegarra","VE230405"
"Venezuela","Venezuela","VE","Trujillo","Trujillo","VE23","Candelaria","Candelaria","VE2304","Manuel Salvador Ulloa","Manuel Salvador Ulloa","VE230406"
"Venezuela","Venezuela","VE","Trujillo","Trujillo","VE23","Candelaria","Candelaria","VE2304","San José","San José","VE230407"
"Venezuela","Venezuela","VE","Trujillo","Trujillo","VE23","Carache","Carache","VE2305","Carache","Carache","VE230501"
"Venezuela","Venezuela","VE","Trujillo","Trujillo","VE23","Carache","Carache","VE2305","Cuicas","Cuicas","VE230502"
"Venezuela","Venezuela","VE","Trujillo","Trujillo","VE23","Carache","Carache","VE2305","La Concepción","La Concepción","VE230503"
"Venezuela","Venezuela","VE","Trujillo","Trujillo","VE23","Carache","Carache","VE2305","Panamericana","Panamericana","VE230504"
"Venezuela","Venezuela","VE","Trujillo","Trujillo","VE23","Carache","Carache","VE2305","Santa Cruz","Santa Cruz","VE230505"
"Venezuela","Venezuela","VE","Trujillo","Trujillo","VE23","Escuque","Escuque","VE2306","Escuque","Escuque","VE230601"
"Venezuela","Venezuela","VE","Trujillo","Trujillo","VE23","Escuque","Escuque","VE2306","La Unión","La Unión","VE230602"
"Venezuela","Venezuela","VE","Trujillo","Trujillo","VE23","Escuque","Escuque","VE2306","Sabana Libre","Sabana Libre","VE230603"
"Venezuela","Venezuela","VE","Trujillo","Trujillo","VE23","Escuque","Escuque","VE2306","Santa Rita","Santa Rita","VE230604"
"Venezuela","Venezuela","VE","Trujillo","Trujillo","VE23","José Felipe Márquez Cañizalez","José Felipe Márquez Cañizalez","VE2307","El Socorro","El Socorro","VE230701"
"Venezuela","Venezuela","VE","Trujillo","Trujillo","VE23","José Felipe Márquez Cañizalez","José Felipe Márquez Cañizalez","VE2307","Antonio José de Sucre","Antonio José de Sucre","VE230702"
"Venezuela","Venezuela","VE","Trujillo","Trujillo","VE23","José Felipe Márquez Cañizalez","José Felipe Márquez Cañizalez","VE2307","Los Caprichos","Los Caprichos","VE230703"
"Venezuela","Venezuela","VE","Trujillo","Trujillo","VE23","Juan Vicente Campos Elías","Juan Vicente Campos Elías","VE2308","Campo Elías","Campo Elías","VE230801"
"Venezuela","Venezuela","VE","Trujillo","Trujillo","VE23","Juan Vicente Campos Elías","Juan Vicente Campos Elías","VE2308","Arnoldo Gabaldon","Arnoldo Gabaldon","VE230802"
"Venezuela","Venezuela","VE","Trujillo","Trujillo","VE23","La Ceiba","La Ceiba","VE2309","Santa Apolonia","Santa Apolonia","VE230901"
"Venezuela","Venezuela","VE","Trujillo","Trujillo","VE23","La Ceiba","La Ceiba","VE2309","El Progreso","El Progreso","VE230902"
"Venezuela","Venezuela","VE","Trujillo","Trujillo","VE23","La Ceiba","La Ceiba","VE2309","La Ceiba","La Ceiba","VE230903"
"Venezuela","Venezuela","VE","Trujillo","Trujillo","VE23","La Ceiba","La Ceiba","VE2309","Tres de Febrero","Tres de Febrero","VE230904"
"Venezuela","Venezuela","VE","Trujillo","Trujillo","VE23","Miranda","Miranda","VE2310","El Dividive","El Dividive","VE231001"
"Venezuela","Venezuela","VE","Trujillo","Trujillo","VE23","Miranda","Miranda","VE2310","Agua Santa","Agua Santa","VE231002"
"Venezuela","Venezuela","VE","Trujillo","Trujillo","VE23","Miranda","Miranda","VE2310","Agua Caliente","Agua Caliente","VE231003"
"Venezuela","Venezuela","VE","Trujillo","Trujillo","VE23","Miranda","Miranda","VE2310","El Cenizo","El Cenizo","VE231004"
"Venezuela","Venezuela","VE","Trujillo","Trujillo","VE23","Miranda","Miranda","VE2310","Valerita","Valerita","VE231005"
"Venezuela","Venezuela","VE","Trujillo","Trujillo","VE23","Monte Carmelo","Monte Carmelo","VE2311","Monte Carmelo","Monte Carmelo","VE231101"
"Venezuela","Venezuela","VE","Trujillo","Trujillo","VE23","Monte Carmelo","Monte Carmelo","VE2311","Buena Vista","Buena Vista","VE231102"
"Venezuela","Venezuela","VE","Trujillo","Trujillo","VE23","Monte Carmelo","Monte Carmelo","VE2311","Santa María del Horcon","Santa María del Horcon","VE231103"
"Venezuela","Venezuela","VE","Trujillo","Trujillo","VE23","Motatán","Motatán","VE2312","Motatan","Motatan","VE231201"
"Venezuela","Venezuela","VE","Trujillo","Trujillo","VE23","Motatán","Motatán","VE2312","El Baño","El Baño","VE231202"
"Venezuela","Venezuela","VE","Trujillo","Trujillo","VE23","Motatán","Motatán","VE2312","Jalisco","Jalisco","VE231203"
"Venezuela","Venezuela","VE","Trujillo","Trujillo","VE23","Pampán","Pampán","VE2313","Pampan","Pampan","VE231301"
"Venezuela","Venezuela","VE","Trujillo","Trujillo","VE23","Pampán","Pampán","VE2313","Flor de Patria","Flor de Patria","VE231302"
"Venezuela","Venezuela","VE","Trujillo","Trujillo","VE23","Pampán","Pampán","VE2313","La Paz","La Paz","VE231303"
"Venezuela","Venezuela","VE","Trujillo","Trujillo","VE23","Pampán","Pampán","VE2313","Santa Ana","Santa Ana","VE231304"
"Venezuela","Venezuela","VE","Trujillo","Trujillo","VE23","Pampanito","Pampanito","VE2314","Pampanito","Pampanito","VE231401"
"Venezuela","Venezuela","VE","Trujillo","Trujillo","VE23","Pampanito","Pampanito","VE2314","La Concepción","La Concepción","VE231402"
"Venezuela","Venezuela","VE","Trujillo","Trujillo","VE23","Pampanito","Pampanito","VE2314","Pampanito Ii","Pampanito Ii","VE231403"
"Venezuela","Venezuela","VE","Trujillo","Trujillo","VE23","Rafael Rangel","Rafael Rangel","VE2315","Betijoque","Betijoque","VE231501"
"Venezuela","Venezuela","VE","Trujillo","Trujillo","VE23","Rafael Rangel","Rafael Rangel","VE2315","La Pueblita","La Pueblita","VE231502"
"Venezuela","Venezuela","VE","Trujillo","Trujillo","VE23","Rafael Rangel","Rafael Rangel","VE2315","Los Cedros","Los Cedros","VE231503"
"Venezuela","Venezuela","VE","Trujillo","Trujillo","VE23","Rafael Rangel","Rafael Rangel","VE2315","José Gregorio Hernández","José Gregorio Hernández","VE231504"
"Venezuela","Venezuela","VE","Trujillo","Trujillo","VE23","San Rafael de Carvajal","San Rafael de Carvajal","VE2316","Carvajal","Carvajal","VE231601"
"Venezuela","Venezuela","VE","Trujillo","Trujillo","VE23","San Rafael de Carvajal","San Rafael de Carvajal","VE2316","Antonio Nicolás Briceño","Antonio Nicolás Briceño","VE231602"
"Venezuela","Venezuela","VE","Trujillo","Trujillo","VE23","San Rafael de Carvajal","San Rafael de Carvajal","VE2316","Campo Alegre","Campo Alegre","VE231603"
"Venezuela","Venezuela","VE","Trujillo","Trujillo","VE23","San Rafael de Carvajal","San Rafael de Carvajal","VE2316","José Leonardo Suarez","José Leonardo Suarez","VE231604"
"Venezuela","Venezuela","VE","Trujillo","Trujillo","VE23","Sucre","Sucre","VE2317","Sabana de Mendoza","Sabana de Mendoza","VE231701"
"Venezuela","Venezuela","VE","Trujillo","Trujillo","VE23","Sucre","Sucre","VE2317","El Paraíso","El Paraíso","VE231702"
"Venezuela","Venezuela","VE","Trujillo","Trujillo","VE23","Sucre","Sucre","VE2317","Junín","Junín","VE231703"
"Venezuela","Venezuela","VE","Trujillo","Trujillo","VE23","Sucre","Sucre","VE2317","Valmore Rodríguez","Valmore Rodríguez","VE231704"
"Venezuela","Venezuela","VE","Trujillo","Trujillo","VE23","Trujillo","Trujillo","VE2318","Andrés Linares","Andrés Linares","VE231801"
"Venezuela","Venezuela","VE","Trujillo","Trujillo","VE23","Trujillo","Trujillo","VE2318","Chiquinquira","Chiquinquira","VE231802"
"Venezuela","Venezuela","VE","Trujillo","Trujillo","VE23","Trujillo","Trujillo","VE2318","Cristóbal Mendoza","Cristóbal Mendoza","VE231803"
"Venezuela","Venezuela","VE","Trujillo","Trujillo","VE23","Trujillo","Trujillo","VE2318","Cruz Carrillo","Cruz Carrillo","VE231804"
"Venezuela","Venezuela","VE","Trujillo","Trujillo","VE23","Trujillo","Trujillo","VE2318","Matriz","Matriz","VE231805"
"Venezuela","Venezuela","VE","Trujillo","Trujillo","VE23","Trujillo","Trujillo","VE2318","Monseñor Carrillo","Monseñor Carrillo","VE231806"
"Venezuela","Venezuela","VE","Trujillo","Trujillo","VE23","Trujillo","Trujillo","VE2318","Tres Esquinas","Tres Esquinas","VE231807"
"Venezuela","Venezuela","VE","Trujillo","Trujillo","VE23","Urdaneta","Urdaneta","VE2319","La Quebrada","La Quebrada","VE231901"
"Venezuela","Venezuela","VE","Trujillo","Trujillo","VE23","Urdaneta","Urdaneta","VE2319","Cabimbu","Cabimbu","VE231902"
"Venezuela","Venezuela","VE","Trujillo","Trujillo","VE23","Urdaneta","Urdaneta","VE2319","Jajo","Jajo","VE231903"
"Venezuela","Venezuela","VE","Trujillo","Trujillo","VE23","Urdaneta","Urdaneta","VE2319","La Mesa","La Mesa","VE231904"
"Venezuela","Venezuela","VE","Trujillo","Trujillo","VE23","Urdaneta","Urdaneta","VE2319","Santiago","Santiago","VE231905"
"Venezuela","Venezuela","VE","Trujillo","Trujillo","VE23","Urdaneta","Urdaneta","VE2319","Tuñame","Tuñame","VE231906"
"Venezuela","Venezuela","VE","Trujillo","Trujillo","VE23","Valera","Valera","VE2320","Juan Ignacio Montilla","Juan Ignacio Montilla","VE232001"
"Venezuela","Venezuela","VE","Trujillo","Trujillo","VE23","Valera","Valera","VE2320","La Beatriz","La Beatriz","VE232002"
"Venezuela","Venezuela","VE","Trujillo","Trujillo","VE23","Valera","Valera","VE2320","Mercedes Díaz","Mercedes Díaz","VE232003"
"Venezuela","Venezuela","VE","Trujillo","Trujillo","VE23","Valera","Valera","VE2320","San Luis","San Luis","VE232004"
"Venezuela","Venezuela","VE","Trujillo","Trujillo","VE23","Valera","Valera","VE2320","La Puerta","La Puerta","VE232005"
"Venezuela","Venezuela","VE","Trujillo","Trujillo","VE23","Valera","Valera","VE2320","Mendoza","Mendoza","VE232006"
"Venezuela","Venezuela","VE","Yaracuy","Yaracuy","VE24","Arístides Bastidas","Arístides Bastidas","VE2401","Arístides Bastidas","Arístides Bastidas","VE240101"
"Venezuela","Venezuela","VE","Yaracuy","Yaracuy","VE24","Bolívar","Bolívar","VE2402","Bolívar","Bolívar","VE240201"
"Venezuela","Venezuela","VE","Yaracuy","Yaracuy","VE24","Bruzual","Bruzual","VE2403","Bruzual","Bruzual","VE240301"
"Venezuela","Venezuela","VE","Yaracuy","Yaracuy","VE24","Bruzual","Bruzual","VE2403","Campo Elías","Campo Elías","VE240302"
"Venezuela","Venezuela","VE","Yaracuy","Yaracuy","VE24","Cocorote","Cocorote","VE2404","Cocorote","Cocorote","VE240401"
"Venezuela","Venezuela","VE","Yaracuy","Yaracuy","VE24","Independencia","Independencia","VE2405","Independencia","Independencia","VE240501"
"Venezuela","Venezuela","VE","Yaracuy","Yaracuy","VE24","José Antonio Páez","José Antonio Páez","VE2406","José Antonio Páez","José Antonio Páez","VE240601"
"Venezuela","Venezuela","VE","Yaracuy","Yaracuy","VE24","La Trinidad","La Trinidad","VE2407","La Trinidad","La Trinidad","VE240701"
"Venezuela","Venezuela","VE","Yaracuy","Yaracuy","VE24","Manuel Monge","Manuel Monge","VE2408","Manuel Monge","Manuel Monge","VE240801"
"Venezuela","Venezuela","VE","Yaracuy","Yaracuy","VE24","Nirgua","Nirgua","VE2409","Nirgua","Nirgua","VE240901"
"Venezuela","Venezuela","VE","Yaracuy","Yaracuy","VE24","Nirgua","Nirgua","VE2409","Salom","Salom","VE240902"
"Venezuela","Venezuela","VE","Yaracuy","Yaracuy","VE24","Nirgua","Nirgua","VE2409","Temerla","Temerla","VE240903"
"Venezuela","Venezuela","VE","Yaracuy","Yaracuy","VE24","Peña","Peña","VE2410","Capital Peña","Capital Peña","VE241001"
"Venezuela","Venezuela","VE","Yaracuy","Yaracuy","VE24","Peña","Peña","VE2410","San Andrés","San Andrés","VE241002"
"Venezuela","Venezuela","VE","Yaracuy","Yaracuy","VE24","San Felipe","San Felipe","VE2411","Capital San Felipe","Capital San Felipe","VE241101"
"Venezuela","Venezuela","VE","Yaracuy","Yaracuy","VE24","San Felipe","San Felipe","VE2411","Albarico","Albarico","VE241102"
"Venezuela","Venezuela","VE","Yaracuy","Yaracuy","VE24","San Felipe","San Felipe","VE2411","San Javier","San Javier","VE241103"
"Venezuela","Venezuela","VE","Yaracuy","Yaracuy","VE24","Sucre","Sucre","VE2412","Sucre","Sucre","VE241201"
"Venezuela","Venezuela","VE","Yaracuy","Yaracuy","VE24","Urachiche","Urachiche","VE2413","Urachiche","Urachiche","VE241301"
"Venezuela","Venezuela","VE","Yaracuy","Yaracuy","VE24","Veroes","Veroes","VE2414","Capital Veroes","Capital Veroes","VE241401"
"Venezuela","Venezuela","VE","Yaracuy","Yaracuy","VE24","Veroes","Veroes","VE2414","El Guayabo","El Guayabo","VE241402"
